-7.081050376681339298e-01,8.155921945872572909e-01,-1.102202965608067436e-01
4.334931988798144120e-01,8.031024880131557575e-01,-9.653029144642569226e-02
3.858089926963103600e-01,2.307549956798308766e-01,-2.287839300907594797e-01
-1.385257733652041301e+00,1.573377440430632768e-01,-2.212755656449321151e-01
-3.505541474127589763e-01,-8.942239859978569350e-02,-2.603353097593631427e-01
-7.822010247634916813e-02,5.082622388837759742e-01,3.151592593086244842e-01
4.503812979951435369e-01,-1.241995421352320106e+00,-2.663928622572268035e-01
-8.809111214401701417e-01,1.006761255331217297e+00,1.796784473676901750e-01
-3.517383882191545408e-01,-7.707858505335787869e-02,1.615628717102486622e-01
-3.106294876242146064e-01,-3.855818400090558762e-01,8.901028014997548754e-02
1.307248353548414732e+00,-4.094440329264359413e-01,-3.397178048100590875e-01
6.438817401180727540e-01,7.580299196840131759e-02,-2.679061428588792038e-01
-8.071212406141871076e-01,1.074734627683169741e+00,1.169775588301328745e-01
-4.888056249314527701e-02,-3.298126216399618893e-01,2.406344360296903129e-01
3.702175882485080893e-01,1.909867903488735585e-01,4.491165145775026513e-02
-2.920242493627664970e-01,-3.250282204712900413e-01,-6.018998061607021277e-02
8.495587383437240570e-02,-2.316175695728777961e-01,3.951668766951402234e-01
-3.999234143718301271e-02,2.153901308136272341e-01,2.633807255331485075e-01
-6.608290932908250648e-01,-4.954926308235491073e-01,9.208591192242673862e-02
7.146655081132797793e-01,4.895475917989284831e-01,-1.306194586674570557e-01
1.146346870342423163e-01,4.331984434445338566e-02,-1.905136236800923921e-01
-1.614749358800482426e-01,-8.612687648859542744e-01,9.895769257686262699e-02
-5.861479340422997009e-01,-1.754000526180519715e-01,5.649092473525485492e-02
-7.691806712440603377e-02,-8.594817777474714759e-01,-1.803273256853087370e-01
-5.229452771499464026e-02,9.326869026129823714e-01,-3.324139793337709259e-01
3.629818898307387021e-01,-6.742471900099608617e-02,5.636696566345076459e-02
8.538868743107805304e-02,-5.333764320247202928e-01,5.467162637192415214e-02
-1.661436374809430461e-01,-1.168738540492660072e-01,2.397393938145578607e-01
4.767904538749409005e-01,4.714718667766302357e-02,5.384977605076688573e-02
-7.607517642862069440e-01,1.443103615694306396e-01,-7.180925144103270097e-02
-2.183316071890479063e-03,1.819337350100070361e-01,6.920641089385290434e-02
-3.992667674508202369e-01,3.618030110098821583e-01,-1.621610296145103158e-01
1.042438281683928381e-01,-1.023922534178874494e-01,-1.600422793880111050e-01
1.083422851849528135e+00,2.454639436235939998e-01,4.360778181844593253e-03
-7.051610575333826514e-01,2.440332382317903226e-01,6.844706607352583905e-02
3.694981246691592114e-01,4.953778948981372166e-01,-3.390095086409262715e-01
-2.228625814080987255e-01,-3.403298647068545568e-01,3.302338895520917552e-03
-8.866386352310667851e-01,-5.566817079844919025e-01,-2.936758249474671345e-01
-8.892467399156199770e-01,-2.142754913432572406e-01,2.012421062205411171e-01
-5.972129350986731255e-01,-5.572240516615647454e-01,-2.399533227113270772e-01
-4.689395590669665492e-01,-5.757562348251746842e-01,4.118769164808503414e-01
-7.291282535926644215e-01,7.242126632344690895e-01,-7.761178401332755050e-02
5.454090605554109406e-01,3.507711213129682259e-01,2.915990741481730431e-03
-6.476442087694461724e-01,-1.800490511808555127e-01,-7.605165475050863766e-02
-7.236962827887446492e-01,3.474004774366774573e-01,-1.624237160403875779e-01
1.398353816850620990e-01,-2.601164736831854674e-01,1.977912717772480344e-01
1.848571934022580077e-01,-8.768227404114108392e-01,1.743532345776127312e-01
3.898905643926502962e-01,-2.645396192956684378e-01,4.858519261697495650e-02
-7.179722673427261226e-01,-7.424062333972093475e-01,1.059436531667022480e-01
-1.738756907890812164e-01,6.942257232031812456e-03,-8.481339742533897108e-02
-2.379055761125579149e-01,9.150650081158271387e-01,-2.509304712981462113e-02
1.509079041030375080e-02,9.893669475332693697e-01,-7.308148085869932420e-02
1.071199957446937051e-01,8.570926211361125369e-02,1.535138166326189268e-01
-2.337334182750906708e-01,7.773353681050969299e-02,-1.731481345409387473e-01
2.940961513689489548e-01,-6.768158037284812689e-01,1.931129449970504439e-02
2.846749138659753209e-01,-9.178016133657053433e-02,-1.951699935840146144e-02
-7.338555303043182709e-01,9.601750990630726346e-01,-1.531446652614929516e-01
-2.284581663982898081e-01,-8.571772977400653193e-02,-1.226464255887591559e-01
-7.716239619673156414e-01,3.429827073073982158e-01,2.415493997898025269e-01
-3.659349475226805065e-02,-4.942748074795982882e-01,-1.534513779372230768e-01
1.933541242910610247e-01,-7.385568244041985919e-02,1.700884713927898473e-01
-4.416734206699295950e-01,-2.654872261805559797e-01,1.852767600322888231e-01
-2.483164624546027599e-01,1.003643652383881424e+00,1.192284343203010299e-01
-1.417112344394287349e-01,6.062752117749051761e-01,-5.459525179449489091e-02
1.495147176661681954e-01,-1.194313835309697980e-01,-2.760173232486101691e-01
-6.377355771407859919e-01,2.289032527865838273e-01,1.373023796871807867e-01
-1.303027494498915639e-01,-1.862778630336301977e-01,2.122441415666569409e-01
1.256486736152531980e-01,1.049618443897474968e-01,-2.385564217672488385e-01
-2.143250319273915516e-01,2.122579701997746038e-01,9.823504397742623823e-03
-4.435856601898443552e-01,4.180591041103043706e-03,1.847401235836497457e-01
-2.210294608689749030e-01,-1.405220063529934449e-01,2.345584353811549505e-01
-2.898684834966102630e-01,3.598338088122739475e-01,5.090379916179142011e-02
1.264670940652805678e-02,-5.156061503162980841e-01,2.465057210476586658e-01
4.646909936185086853e-01,7.942045250456500338e-02,-1.431454719884389382e-01
-1.067674655657859129e+00,4.206312200409049185e-01,-1.008585157070457650e-01
4.723196439294520266e-01,-2.699599548111120129e-01,2.107054519544101778e-01
2.505000958907370803e-02,1.941221256419720792e-02,-1.903048997023031597e-01
-3.554790413581507269e-01,-4.516340573893190546e-01,1.228131618062874714e-01
-3.244285396559664081e-01,-8.070943826180028424e-02,-2.563324642274215082e-01
8.069198178834833257e-01,7.087850206814900744e-01,-1.430877520304059958e-01
2.341316382373337945e-01,2.990379909894425037e-01,-1.272534363835603199e-01
-9.914833272291095900e-01,8.174778558962308983e-02,-3.430510848320145190e-02
-4.908889270913047720e-01,-9.156200000406131134e-02,-1.549442855502689564e-01
-5.379755258903929915e-01,4.759987907147726349e-01,8.681127143215867925e-02
6.429472001574702833e-02,-3.292724919908495140e-01,-2.934906208609373568e-01
-6.240990307198128473e-02,9.245781730816828026e-02,3.029549290184058163e-01
3.728752962248214065e-01,-9.788429408901574980e-02,-1.814442262821660545e-01
-3.878432853998881602e-01,-3.300028570700227482e-01,-6.014961953544961833e-03
8.042009671976204643e-01,-6.163627610780781918e-01,1.117639725927383962e-02
3.974708303864948333e-01,2.410760312173958475e-01,-4.066844414552700515e-01
-3.401584719267765067e-01,9.102853076628103501e-02,-4.958613522697525450e-02
-1.813528539291015679e-02,4.434930537818501106e-01,9.466013687305482871e-02
-1.892123085456047793e-01,4.792952295273669172e-01,2.828245832863112152e-01
8.824479698672430539e-01,4.169864338357595623e-01,-2.050759517084764505e-01
-3.283757400217550415e-02,-2.757185079274901418e-01,3.568578830716116757e-03
1.960090283499758279e-01,-2.700460890844568196e-01,-1.517225307951495239e-01
1.186765401215315319e-01,1.582562581622593001e-02,1.932751136113227963e-01
-1.549321529445892298e-01,4.197229786035149290e-01,-7.164711628711872837e-02
-3.845607793753501591e-01,-7.500734108535092592e-02,-1.195864655310406865e-01
1.716337023494381719e-01,3.410593171943274160e-01,-1.142039841120457908e-02
-1.284990739084786449e-01,3.287987451404595918e-01,1.482910130507702484e-01
1.940926487139301160e-01,6.074840250065476344e-01,-1.045957410160535811e-01
-1.163606749335703017e-01,1.778342947894666071e-01,4.540457222963825146e-01
6.125191991014140580e-01,1.282797261954138346e-01,-5.982102191591338880e-02
-4.306546763683566370e-01,-1.733628153436466979e-01,8.248385521263498776e-02
4.506967218429394073e-01,6.727271677532815908e-02,-2.634480938527629101e-01
-1.843399908536993703e-01,1.022473824490545830e-01,2.401548049418994191e-01
-5.919267384444311386e-02,4.665207645966775729e-01,3.391475369516642746e-01
-1.092485561551664042e-01,-1.337220984925127087e+00,-4.971941039429859932e-02
-5.234390180938166409e-02,-4.647070426592371239e-01,-2.911988807560626502e-01
5.101235498376197608e-01,1.266427934361765928e+00,-9.661136864378763733e-02
-3.276604446178986718e-01,2.133006132145153777e-01,-1.575564519675360931e-01
-3.733325488680741544e-01,-1.351007687915650735e-02,6.296074700171208627e-02
3.547116745749179234e-01,3.070164261320744159e-01,-1.838777619288275433e-01
3.299695419148063191e-01,2.754697876714734539e-01,-6.083137488929730718e-01
3.010823929114364028e-01,3.537461822556748903e-01,-4.098600996367191551e-01
-1.045029580401180686e-01,-3.271465997122890990e-01,-5.380223381880593347e-01
3.345321466175424363e-01,1.039636857939335579e-01,1.903451884239398262e-01
-5.593230509149840213e-01,9.415850400970745548e-01,1.105273983641066327e-01
3.144317055779723424e-01,8.219734297886018004e-02,-1.433737568104385685e-01
-3.343667196733927649e-01,-3.694545255807812900e-01,2.887762068074642974e-01
4.767058331425039208e-01,-3.445647092195741612e-01,-4.327794424934009454e-01
-7.877181825575316765e-01,4.328719961861741267e-02,-2.826729743743812071e-02
-3.897520162459048310e-01,9.760752540572063818e-02,-2.931792112529751360e-01
-5.990572517748518067e-01,5.552311857188520217e-02,-9.493989895559698522e-02
3.863849316731374772e-01,1.982464319654897444e-02,-3.551477539741056400e-01
5.200090672500636696e-02,-6.266142692440909157e-01,-5.680039845254448994e-02
-2.167755518815092375e-01,4.874341586073361876e-01,-2.372834355506756032e-02
-1.405431560335326513e-01,-2.712099302952125646e-01,-6.163648331384621176e-02
5.792517947486024443e-01,2.992252149095288999e-02,3.673609615738959167e-01
-1.230551408711880734e-01,-7.661278981767900564e-01,2.583313555037296538e-01
-7.218920454265804754e-01,2.358360911360795134e-02,-1.324329474313033495e-01
3.916005805099843640e-01,-3.798647181281548657e-01,-1.956546859135012417e-01
-3.881402494674397463e-01,-8.399597736789031766e-01,9.250430254407443487e-02
1.486986814921847089e-01,6.892606355072966595e-01,-1.064421216458410757e-01
8.225094463102158304e-01,2.360059857526119187e-01,2.615866259493431281e-02
4.448908472384802693e-01,-4.422459535302705053e-02,3.390991441414949181e-02
-8.693344670658188500e-01,-7.149207080672165260e-01,-2.094387394181845552e-01
-1.137769938824719329e+00,-6.445525243446850183e-01,-2.835234728426562767e-01
-6.662633684862018235e-02,-8.788385104007032100e-02,3.794519497706456690e-01
-5.739241829512299331e-01,4.510787876408938191e-01,-6.908000204880582196e-03
-7.488821931706987622e-02,9.785623123030953718e-02,-1.997409405131468640e-01
1.299427901402330665e+00,-7.257745799540932241e-01,-3.183040139616609421e-02
3.266931582288742919e-02,-1.488246258699574831e-01,-2.469292696920825647e-01
-2.262294833014289741e-01,-8.193618843668231122e-01,2.226001022479276725e-01
1.985462263354519641e-01,-2.908505916091707055e-01,-2.163029950244069466e-01
-1.107940514650196828e+00,-9.580647061445825008e-01,4.720819737561476534e-03
7.952685799333939487e-01,-5.926544272776707034e-01,3.133896783225398885e-01
4.273298677867174433e-01,-3.139356008170821749e-02,-5.996842160908920361e-02
2.555286482415602273e-02,5.730748213272711389e-02,-2.048700499835339472e-01
-3.272189795335412876e-01,-1.685765539676682134e-01,-1.341320060679344617e-01
-4.163751587863382397e-01,-1.753956059689950608e-01,-6.444865525383085270e-02
-4.203631346669152724e-01,-2.289208740613506501e-02,1.539866807309800134e-01
6.226729573035825679e-03,-1.189818238346850021e-01,3.966927918222341587e-01
-2.789526402265894017e-02,1.308826036084385046e-02,-2.198592344843089061e-02
-8.512415204106265065e-01,7.008298629991702722e-01,-1.274128011142142969e-01
-9.718730017499179752e-01,-1.696131446031544865e+00,-2.537303544413535006e-01
8.212703280463549138e-01,6.867219843638097121e-01,-2.705318941826660994e-01
1.338012586518453617e-01,6.012255847305762735e-02,-3.702070797466860963e-02
-6.675140045575711370e-04,-1.261893800263328980e-01,1.929554844009818415e-01
-1.038872330055800042e+00,-4.069286748111325958e-01,1.915900443620959237e-01
3.395681422952706585e-02,-5.244706513585609825e-02,-1.252663282036754200e-01
-7.851297798832721497e-01,-6.159286466836357832e-01,-9.418455956989088551e-02
-3.100062652926083850e-01,5.536845915599182544e-02,4.274424101166294787e-01
9.491562192307645418e-01,-2.350459020121261344e-01,-1.365519052213802487e-01
-8.915541863068827677e-01,9.962352503803770798e-01,9.472018793645328727e-02
-4.901421488692265238e-01,4.027792468171879636e-01,6.530843616139802958e-03
4.716958099930306653e-02,3.238954954201896386e-01,2.398637016100567745e-02
-3.733822995854768623e-01,-5.379065879790033700e-01,1.658607070533346106e-01
-3.235159793437998865e-01,-1.110951313791409989e+00,1.225960925901116993e-01
-8.380652665544317814e-02,1.289634117602398655e+00,-4.467288144348393469e-02
3.256225653675008380e-01,4.927277192939900907e-02,1.214817126962609156e-01
-1.783767530886742336e-01,-2.705680462352954008e-01,2.432134366218411115e-01
-5.093132171954053294e-02,1.504115428509650854e-01,-3.590844533163757291e-01
-7.525139086116092724e-01,-1.128824898119866083e+00,2.501608360084935367e-01
-1.018132273577125213e+00,6.432985184230507469e-01,-3.113265333801046308e-02
6.288346430883365867e-01,-2.252031509410097887e-01,1.256564219073341704e-02
-8.118031280396589833e-02,-1.289996492721905141e-01,-8.835044334824578016e-02
-4.544443445095354694e-01,9.356361815119115799e-02,1.309568207238945570e-01
4.012169610104264206e-01,-7.922165241318739337e-01,-1.454815327662169755e-01
3.368129166477712433e-01,7.140917664617655314e-01,-1.424476114239296431e-01
-8.414945501759480972e-01,-5.178245523515097315e-02,-1.304384579233003050e-01
-4.626673048340347316e-01,-7.262116298967923322e-01,-1.226316640951446990e-01
7.663516314359088977e-01,-8.799590132832142420e-01,-8.618172448321537171e-02
-6.389357548826850586e-01,-6.271656006489226831e-01,-3.465881454165201658e-01
-9.682268012781515276e-01,4.037422190330373084e-01,-8.824183098280952153e-02
3.671461089810611478e-01,-4.709074888220331490e-01,3.382902507104987994e-02
2.717054458045981002e-01,-5.467307234493148371e-01,-2.549149585013671393e-01
-7.327343907120146271e-01,-1.416833465953705740e-01,1.534909261464200217e-02
7.532393259610825620e-02,-2.467752356765368638e-01,-1.604601848665764552e-01
-4.923590204073093335e-01,2.645987353623819316e-01,-3.316301506206797423e-01
-1.997373376969266145e-01,-1.602990100141588603e-01,1.537377197974411636e-01
5.759302293256558514e-01,-3.628524698844133312e-01,-7.443431039135203764e-02
1.269743759604525235e-01,-4.985350161361057353e-02,1.272100266264147850e-01
-4.253962711971472355e-01,-3.292863553925888809e-01,3.369452274627400823e-01
-2.367707399332952822e-01,2.681481126709057139e-01,1.548361224459049446e-01
-4.651996913454917726e-01,1.413200384390042585e-01,1.136023569472302402e-01
-5.764543974830489415e-01,-6.617095679303645062e-01,3.087627905811076157e-01
-2.800442135944185562e-01,3.648795219988114624e-01,1.656593233881301364e-01
-8.908616776402512594e-01,-1.179477843897615896e+00,2.706120393721780371e-01
-2.972249849415395384e-02,-7.145969329265682013e-02,-2.565738151187306818e-02
-4.893346050190557905e-01,3.686872604501856276e-01,3.503454202783509025e-02
-1.715284947714417751e-01,1.287947994594102141e+00,-4.250439158195273674e-03
6.922406346741613037e-01,-8.915865236679133554e-01,2.263377614989502684e-01
-7.993401408525225849e-01,-4.375727962643583165e-03,5.119949461954637071e-01
2.982635948706454099e-01,2.441733984931494239e-01,1.111115839992119457e-02
3.694090453381020933e-01,4.852250607917833747e-02,3.102081953739183606e-01
1.014432171042842085e-01,-2.867306921420520634e-03,3.387920369800538900e-01
-3.834357761633629402e-01,-2.765394675924808324e-02,-2.018400528242096925e-01
-4.384384219708019614e-01,4.517140458015525550e-01,-3.446784798557550600e-01
8.504237796290338783e-03,-3.509145258453762461e-01,1.838421384525188579e-02
5.077323325215177263e-01,7.089992884413301444e-02,-8.253707094192437588e-02
-7.664375350085232963e-01,3.843712138250989230e-01,-2.404644067447274727e-02
-9.599444899645573348e-02,5.128340819393288896e-01,8.659841682420235665e-02
9.269377622145814899e-02,4.535279472706220671e-01,3.536697430175769069e-02
3.402382754878185978e-01,-4.097637546963481259e-01,3.014937155822478010e-01
7.096329106678396503e-02,2.518170482377155572e-01,-3.996719263481394308e-02
-1.837193532605970459e-01,-1.979655539767676553e-01,3.333212137666511504e-02
4.474581909033547439e-02,-8.515663998211650543e-02,1.567179736225253195e-01
2.551076479619060478e-01,-9.846855687757771758e-02,5.439635212023522515e-01
-2.925199539485043854e-01,8.062271372665745783e-01,9.333786064789037495e-02
1.238539392187827382e-01,1.041332108916521060e+00,6.094733584121374559e-01
-4.463148630750213286e-01,-2.392911306099466395e-01,-1.242489798703330650e-02
6.606543155376206622e-01,-1.954770728013262016e-01,-2.927806113229630691e-02
9.765281372639108559e-01,3.310874561706622643e-02,4.032657686484242103e-03
3.640146778859548182e-01,-2.153195940370365713e-01,-1.431808638573160430e-01
-6.435596370985137149e-01,-7.353515197883113419e-02,-2.746796834643308594e-01
-5.173425632121311235e-01,-3.757389160845295284e-01,-2.503345203114176187e-01
-6.524332052215464639e-01,-1.556089706324997046e-01,9.991239995557274489e-02
1.806745219431921678e-01,-1.269547826009546632e-01,-1.180708550427790049e-01
2.272696463650056009e-01,-9.982217381444218329e-01,-3.266453040186722556e-01
6.709642849734080983e-01,1.976630050509430581e-01,-2.273024957652946543e-01
1.208937697516538901e+00,-3.222750617514785754e-01,-2.520526300574671419e-01
-7.212541669955838675e-01,5.154101575807407132e-01,-1.376333401532075784e-01
-1.209629053078475902e+00,4.220175149922038293e-02,7.285586601771913695e-02
3.366560114201618825e-01,-2.142401671390570250e-02,-2.819405782759162316e-01
1.189412390744889914e+00,1.110560262068182036e+00,3.139792624053300285e-01
5.794877528483268758e-01,6.766102361585618619e-01,2.757050603322194759e-01
2.670589195905641589e-01,-4.919817562982615189e-01,-1.523408408943333903e-01
5.209705575108587450e-01,-3.103568725518044968e-01,-1.478009056645200325e-01
-6.544752899428778192e-02,6.095113780358909356e-02,-2.144483173953926902e-01
1.195100450633476835e-01,-6.534671984951286039e-02,-5.043951276674056572e-02
7.819947066230040766e-01,4.332885535136362098e-01,-1.855663382750051826e-01
-3.593110732060424972e-01,5.744538186353891351e-01,-4.929207006221562049e-01
4.934815756502761164e-01,1.616994282553932683e-01,-1.519963419668040119e-02
-7.337631760345997289e-01,-5.049537574914484406e-01,-3.923606535731101463e-02
-1.079521550027407600e-01,3.187589391299629898e-02,8.240455659566225943e-02
-3.168866940802915755e-01,-2.055308087018806185e-01,-1.273100126796083420e-01
-4.916636280028743866e-02,4.115300897838619076e-01,-2.611700439229321380e-01
5.185931676014881621e-03,1.275800306367713244e+00,-1.198925216615908396e-01
1.582444326702999449e-01,2.425882856136737098e-01,1.055044532038729999e-01
5.757531001355513656e-01,-9.639435876952795468e-02,4.902011662224825539e-02
-7.114882631360852638e-01,-4.396156696862680846e-01,1.655185227942086723e-01
7.318192251136937942e-01,-1.292118164585445428e-01,-4.005730893153982425e-02
4.684932223232839976e-01,9.983937776083402493e-01,-1.972227769034647776e-02
-3.376475947233480435e-01,7.354086183649184427e-01,8.708930641455685240e-02
-6.472343778658480318e-01,-8.175632367926433108e-01,-1.299611759541861034e-01
-4.699156094125213623e-01,-3.239989025910480214e-01,3.348185760078267736e-01
3.508099159443162085e-02,-2.172861136799514870e-01,-2.693410298579662632e-01
4.741129421958249768e-02,-2.020938066878428807e-01,-3.171494230302870920e-01
-2.038382954669931968e-01,-8.905446099011245231e-02,3.201066656606931793e-01
8.632016256849464608e-02,-5.248294415910033095e-01,4.924083687384533947e-01
-7.355540720583676473e-01,-1.374978357556189801e+00,-1.095310780894007269e-01
8.575250906263937045e-01,2.799037608244185349e-01,1.437438779242491971e-01
5.894396553571758929e-02,3.112799277255779914e-02,-4.111136493729731223e-01
6.309540150971247874e-01,-1.462063171283092267e-01,3.803815243611350927e-01
1.170189471455941044e-01,-1.114310422319176652e+00,-1.564089349385067108e-04
5.254458804733578292e-01,1.351766924732760999e-01,-2.864567703927721198e-01
2.511132202268767655e-01,1.440506688979471261e-01,3.760897439524659158e-01
-3.299176288146555280e-01,-5.154447234032322189e-01,1.078996123997154333e-01
-1.067375423512950394e-01,4.233736644505818880e-01,-3.518517729962785112e-01
7.335624927226034320e-01,-1.463261781547344764e-01,-1.607427490733281117e-01
9.545465302280858877e-02,-5.618690502414933619e-01,-1.067719378487440862e-01
1.437687976219725883e-01,5.813292324673733358e-01,5.794679374208205891e-02
-5.701706163297229901e-01,3.416229598168881720e-01,3.823804753925744704e-01
-4.886254288150862490e-01,4.242287575790031906e-01,-2.844151767035868472e-03
1.986322991232558621e-01,4.707894923210143023e-02,1.454458237760210548e-01
-4.193381812160870692e-01,7.442040154193003687e-01,3.639845646279101787e-01
-4.599573335476103142e-01,-2.539070022201107557e-01,-1.372148051099989219e-01
-7.139962165175004483e-01,7.987223877396296690e-01,-3.445205254079756196e-01
1.204932680847695392e-01,-6.319274421682603560e-01,-3.947967917324325393e-01
-1.113835813090121446e-02,-3.726357004493565106e-01,2.869505955659434338e-01
2.522072206600329825e-01,-3.885729520477403942e-01,-2.451404371012493380e-02
6.513417595409070060e-01,9.956480665313709455e-01,-3.239269956645874915e-01
-7.748362110398410163e-01,3.160227954522900062e-01,2.259405005837523128e-01
-2.980377384113514494e-01,2.787368579202970653e-01,-3.833492081801719853e-01
-1.582641978174884403e-02,4.070947221830383822e-01,-4.085247330796092369e-01
7.313617575655124714e-01,7.245891364001731949e-01,1.762448511071189328e-01
6.187814749674316328e-01,-9.612928402752021761e-02,-3.864747004462541075e-02
-5.396980807556315263e-01,1.615559943785957742e-01,-2.139096619289639414e-02
-3.489238810241554467e-01,5.179850555748857222e-01,1.943014029648681140e-01
-1.881737419434868497e-01,-3.025672162082509997e-01,1.018491522358300899e-01
6.600978978025549004e-01,3.235159852585924728e-02,-3.813321132101088473e-03
3.853234400103743018e-02,-9.016048070952624449e-02,7.251578847692941032e-02
-4.297547412695962299e-01,-2.917088624055361734e-01,2.213835385056594218e-01
-4.901815640956954101e-01,1.254624969867791373e-01,-1.739135058701619108e-01
-1.185966730523477342e+00,2.128619478667620746e-01,3.956555778537971385e-02
4.588555166648160960e-02,-4.192468175660649804e-02,-9.057183444777774928e-02
1.408723688957612130e-01,-5.978269603959844858e-01,-1.260709600563379995e-01
6.620041112003743899e-01,-6.955470277979625138e-01,3.994663876067316433e-01
4.134760107223803272e-01,3.635377393988132450e-02,-2.672595688610351905e-01
7.641096172388055219e-03,1.150562596387800507e-01,-2.479847712916313784e-01
-5.151979034704254889e-01,-4.655893643955898442e-01,1.775168148498361409e-01
-6.183499628414582672e-01,-1.024614710756116265e-01,-1.219029696964322174e-01
3.231259484691906825e-01,-3.059020519126207094e-01,1.206294117966672796e-01
-2.973695718479675842e-01,4.805045826553614452e-01,-2.236026121752898166e-01
2.329125127766449865e-01,4.068438891175332195e-01,8.185909813451061612e-02
-5.884848516737550828e-02,-8.864925953775328882e-01,9.182698594086782795e-02
-2.389332830481767367e-01,8.279973075292621498e-01,1.115906033628104865e-01
-6.754362804750306815e-01,-5.800398669547499747e-02,1.149286057554012308e-01
-2.168254988335801270e-01,-7.926064192940296405e-01,2.156665787033451021e-01
-2.477542875751549689e-01,3.638446569955892662e-01,-1.651567814600433393e-01
-4.567154072548532673e-01,5.337247434760312714e-01,9.164191344852147536e-02
5.254419876077346535e-02,-8.368503769417108273e-01,4.374645065280507450e-01
8.560031568442216798e-01,2.363773273287097521e-01,-1.321706753349555508e-01
1.979630014866820553e-01,-2.707855546010445313e-01,-2.137019498155573460e-02
7.090319248411787179e-01,2.691910312814845829e-01,3.401901554628651292e-01
-2.762477662621060093e-02,8.361487945532636301e-02,-2.639227683145861647e-01
-4.828814992160503361e-01,-1.639894692176205038e-01,-1.964771471085255683e-01
-8.484576085048483041e-01,3.564064204561682991e-02,4.889282390520434396e-02
-7.666158534466470664e-01,-4.093804686657722125e-01,-1.148661401742294697e-01
5.144878251050406803e-02,-9.145478466617985580e-01,1.273054009373940088e-01
-1.075977573265799042e-01,-4.728601242421163198e-01,4.448122234341866377e-01
-2.569508724050287296e-02,-7.940373730164793087e-02,-2.005672627822669141e-01
4.077110909317421816e-01,1.342816517023055489e-01,4.610312029575060200e-02
1.869452289256271771e-01,-2.841264874816382818e-02,3.661317773682956633e-01
3.790840913294211134e-01,-1.930021114634554169e-01,4.248466925217567192e-01
-5.410862368286966095e-01,6.389204658035482209e-01,-3.621820626783152364e-02
-1.409365216196503123e+00,-1.677864456862136200e-01,-1.286691867110779930e-01
-5.390032179435176596e-02,-5.156999345319850381e-01,-1.814971160971087516e-01
-2.048610804369178917e-01,8.531560427225157728e-01,1.190786471777495192e-01
-4.145806004827732316e-01,7.897211181052471440e-01,-1.640863459911920952e-01
-5.344136642948686955e-01,3.900441686784005269e-01,3.990399464084950498e-01
1.204814924732303394e-01,3.443114170154235737e-02,-3.276819634473874254e-01
1.042274997121107161e+00,-9.853302521779072620e-01,1.335014586008070325e-01
-5.417502510218723533e-01,-2.964508055655965535e-01,-1.497276322219337763e-01
4.166546720848440799e-01,-1.232150133442194012e-01,2.851541700188831019e-02
-1.004737736982949325e+00,-1.160462232203742783e-01,7.156832812708983915e-02
-2.386272914897651920e-01,6.379110580690183557e-04,3.909915805277463380e-02
5.620113553876768808e-01,7.341435272663889844e-01,-5.791868331501952294e-02
-6.597808380108663995e-01,5.474624781173969001e-01,-6.342972839546229258e-02
-5.552969538343266453e-01,-9.370840300284400959e-01,8.139414720048422647e-02
-8.976993120930407133e-02,-1.186364322716499109e-01,-1.828842865241730731e-01
1.186329780514050025e+00,3.687245943112227309e-02,6.645645354588151921e-02
-1.951423954260980975e-01,2.629765287580302369e-01,-1.192958614767634096e-01
-6.527708439019542785e-01,1.734083580230703914e-01,3.592081424126193356e-01
2.882893528828474605e-01,-4.143787562373871802e-01,2.723257777271668179e-01
9.359964371641962128e-03,-4.030244301826117481e-01,1.567642805396894379e-01
1.884855884509623325e-01,-2.507851529251952094e-01,-2.178063212723461706e-01
-2.772666645296928412e-01,1.116527376063720656e-01,-1.215889830115585435e-01
3.188117255194707900e-01,-9.175387586567498865e-02,-1.524137608508778219e-01
-3.205821723067074913e-01,-1.646457247323901141e-01,-1.706660985562973576e-01
1.254391566997682617e+00,-4.404581916403415009e-01,-3.282190711624881352e-02
-5.103388253650342765e-01,-6.336862250852730305e-02,-1.711863818213370247e-01
-2.123699451749850309e-01,-1.321239756661129472e-01,1.943328779302746223e-01
9.839645146916723428e-01,-7.103491595271123060e-01,2.005923091202589659e-01
7.126397821102945507e-01,-4.972658164212346854e-01,2.444777840052512335e-02
-2.705019899304326736e-01,-3.403927130763236830e-01,-1.238633118336423394e-01
-1.435954975191257699e+00,-6.438415213783670321e-01,-2.308393874398485257e-01
2.569017419540236546e-01,6.125606392449500781e-01,-1.582421796055677454e-02
-6.594704105795533566e-01,3.740118374853859673e-01,1.607714279298612658e-01
6.784522704135618199e-01,1.149196374358133266e+00,-3.647459624334361550e-01
9.728545187197779054e-02,1.219033056995664915e-01,-4.518258339987681060e-02
-5.598171571337643426e-01,6.249025476273565305e-01,-1.471871040809148157e-01
1.011653374177408748e+00,-4.517162829179054984e-01,-6.095343930795138476e-01
7.310683899481056347e-01,8.226691329937348973e-01,1.287150867406073318e-01
1.674493736698173141e+00,-1.841902334277087383e-01,-7.029366881102980247e-02
-3.639737264884314039e-01,-6.152942083970673881e-01,-1.149283118912287627e-01
-9.306476911367438376e-01,-4.644170031549123001e-01,2.327122562376850862e-02
-1.225008925842802743e+00,-2.762107587959105048e-01,2.134080710440052486e-01
3.298744227817455021e-01,6.222049987926010772e-02,2.840385480869415114e-01
-3.646403912385862145e-01,-2.734546794591228291e-01,2.618400455880919298e-01
-3.740496432877457034e-01,-8.439122661392410851e-01,-6.663812271397824560e-02
6.776208196125810268e-02,4.835093453862894242e-01,-1.813623223963285458e-01
1.575638722446170981e-01,-7.498736694928250790e-01,1.770797533375117472e-01
1.258193960119353694e+00,2.184237096736859063e-01,-5.923479962266146176e-02
6.197258727256429456e-01,2.252965339682794499e-01,1.577282189594409745e-01
2.665298098716849529e-01,5.761233240661663146e-02,-7.671002135738895500e-02
-1.116546438026431581e-01,-9.215910487995827571e-01,6.620453108950366539e-02
5.041614446165518792e-01,9.107137481827910497e-01,-2.909250468735280482e-01
-9.916769230095268117e-01,-3.947721061198664061e-01,3.133372467336837386e-01
2.546552951785205354e-01,-1.522802936363654158e-02,-1.568294006845267208e-01
-7.848951768879824931e-02,2.288984626912437537e-01,-2.204651084635709246e-01
1.137517990236089627e-01,-4.799953768429872092e-01,2.518394937630693553e-01
1.824028316964469154e-01,-9.735433598958118107e-02,-1.699234527014183427e-01
1.352492927320802507e-01,6.078985912034313710e-01,3.507226793077877214e-01
-4.910385594780627416e-01,2.165105124621801436e-01,2.183865850923726870e-01
1.095159604766787087e+00,-3.607500115928300999e-01,-4.052713920741838477e-02
-1.457160428697950065e-03,-1.263261252877203145e+00,-7.099711603563037265e-02
3.103264794212272706e-02,-4.779977282566068297e-02,-8.372388473003830600e-02
1.142964267131169401e-02,-6.748201556202720885e-01,1.486250037132025581e-01
8.438165415138879077e-02,3.271900341318671745e-02,2.613378008895909654e-01
-1.394235415289332702e-01,1.220321765968771732e+00,3.660843390123939556e-01
4.281660362589063129e-01,3.809678769272312887e-02,8.506781663700166418e-02
1.801881196018995102e-02,-5.765101810759835910e-02,-1.633803899067230447e-01
-1.616346302842878724e-01,-6.520722213591023664e-01,-1.655620728080716558e-02
-2.102752619375095888e-01,1.146471265559414920e+00,1.705673400478705803e-01
6.692426281211270034e-01,-1.623723067579919133e-01,-4.641342130369874308e-03
3.207244329828714546e-01,7.980683365333635093e-01,5.229685910341173166e-02
-2.121188244213467189e-01,7.034622949983250217e-01,-1.550300397507651806e-01
7.967597993355538533e-01,-6.229611505512978598e-01,-3.814638904672844333e-02
8.657146466780610283e-02,-6.312188307791920527e-01,3.151418628991023985e-01
9.325834902605302512e-02,4.778470993921447169e-02,-2.252777997083195705e-01
-6.505002279130585041e-01,1.016223787657340727e-01,2.134954328085093486e-02
-2.513670421396569932e-01,1.946620441286503467e-01,-9.671545221241735490e-02
4.005882969658910442e-01,-1.216874061029280973e+00,-1.484567936911243037e-02
2.664326871935954189e-01,4.971385162835748051e-01,2.418767394132987358e-01
-3.735499124327522347e-02,-5.010040395186824425e-01,-4.518467568941249984e-02
3.789584243680674813e-01,-1.115652380213394690e-01,-8.398189331012262393e-02
2.565058024929380842e-01,4.278131430418576353e-01,-2.648328000851868924e-01
6.665943369757461046e-01,-5.330743085412096294e-01,5.805311157333303829e-01
2.444308012193752849e-02,-4.497353069616932819e-01,7.555913238158804002e-02
3.308017755606255661e-01,1.022347571717206138e+00,-1.451722726146653097e-01
-1.102542388845145993e+00,1.268685255481405871e+00,-1.992382685602034909e-01
3.890533697035074012e-01,-2.947410327984815170e-01,-3.133949587241261492e-01
6.245085513344459383e-01,-2.691862136248392434e-01,-2.462887012079115756e-01
-6.288719011846520546e-02,-3.442142265852442540e-01,-1.730084898183646969e-01
-7.109862842761750512e-01,9.016716797543097850e-02,-5.834704396666341719e-02
8.836149732673366231e-01,-4.058446817909189264e-01,2.083244178503672328e-01
-2.054559917873295949e-01,-2.000873605542727307e-01,1.148307941694882012e-01
-1.083862389414865568e+00,-9.406762209072969672e-01,-4.076731000691565798e-01
-4.899894963970107681e-02,4.075836260156349283e-02,-2.491272729195491142e-01
4.294732306574632341e-01,-1.032484376436529017e+00,1.142256750359473549e-01
-6.816840529529951676e-01,-5.840718098515859102e-01,-9.194930258450664806e-02
-2.533063047571472159e-01,1.923672726871211991e-01,1.545164334069196455e-01
-7.458071688085772255e-01,-3.225811595144111310e-01,-2.444865996516678019e-01
-3.540099150336449840e-01,2.232530375011861634e-01,9.831462843808959351e-02
-1.339284516843347039e-01,-6.234569332931070434e-02,3.533086609861130906e-02
7.936667324543691948e-02,1.711377679598704571e-01,6.457789983672991563e-02
2.154711260517597482e-01,-5.835349870324061383e-01,2.314251738889123722e-01
1.198088915728974663e-01,-2.425918812269190761e-01,-5.010482686962506316e-01
5.889883968927571711e-01,5.133423063700026656e-01,3.294453529309911977e-01
-1.943217588930599704e-01,4.310039526360589512e-01,-2.834763533168153243e-02
-6.389732210726229988e-01,-6.954122773396255175e-01,-7.502297908780042324e-02
-7.367181503368596118e-01,1.827050610680439890e-01,6.146028603334900003e-02
5.591393768615613574e-02,1.221939447106879378e-01,8.182738771790110111e-02
-8.919434739625072828e-01,4.916563737390659550e-01,-2.717268057881666032e-01
-1.120162885840158662e+00,-1.022794419767947049e+00,1.396281929131379385e-01
-1.365423722254795358e+00,1.863312554621771311e-01,4.409484801329308784e-02
-6.126380110405580393e-01,-5.863649925731136137e-02,-2.095672057291214918e-01
3.047827915043267444e-01,-1.903745204801713942e-01,4.839536270644800853e-01
7.094077344661030467e-03,8.819465915951285595e-01,-1.621446134368341729e-01
-4.381887723637168941e-01,3.446184957667034476e-01,-2.449711227965213622e-01
5.988652828118781191e-01,-3.737279901505463076e-01,6.929846904934015839e-02
-5.946166305501239258e-01,-1.627362971746840747e-01,-2.047349461842148943e-01
-6.201289978805798152e-03,-1.946620646935603438e-01,-3.522227233527600587e-01
1.269798685009595474e-01,6.351468674871741937e-01,1.660688920065176988e-01
9.550665071225539204e-01,-4.448620360659146789e-01,1.300517811112663069e-01
2.837485644689027309e-01,-7.942366618025272773e-01,3.471967396506932535e-01
1.417734111527254315e-01,2.575789578068262697e-01,-2.560560876824523602e-01
-4.975718239934737719e-01,-4.542055479498127712e-01,2.120879552079719121e-01
-5.099427951103316925e-01,-1.080039362443542955e-01,-1.778469695621290592e-01
3.921892391602687100e-01,-3.055077186399604017e-01,1.791727378470275855e-01
-5.278185988410983853e-01,-4.004920874231607253e-01,-1.749241415381121989e-01
-1.561974703888041882e-01,3.209402067514922630e-01,4.256643661270225754e-01
8.681577906890927121e-01,2.496024535422911583e-01,2.584237840459235880e-02
2.976850645622016733e-01,-3.891250829770096648e-02,-6.697731517309961635e-01
1.020804284374706494e+00,-6.756862308755391400e-01,-1.424627674515023534e-01
-2.105250090841265520e-01,7.415547945303586630e-01,2.012552087743204043e-01
7.058016349076032814e-01,6.664845483881068899e-01,-1.225431600234640622e-01
7.829424494369375820e-01,1.095748370931873605e+00,1.152160315231904875e-01
-4.801330570089250571e-01,-5.616415928025828563e-01,1.853239575417326424e-01
6.057005702376293543e-01,-1.561116179989637143e+00,-1.080513471549054971e-01
-4.062369236734519329e-01,1.817143708446107564e-01,2.064014003249770579e-01
-3.410425453688914477e-01,-2.703030782951897359e-01,-4.044497289752309044e-01
-8.931236410384419955e-01,1.120170247077225012e+00,-2.545142332048895839e-01
6.270382960644910186e-02,4.165272065022944115e-01,-6.289293349850358372e-02
1.247919776356926524e+00,2.263782995660682806e-01,-7.243896444153431757e-02
9.244057266744831747e-01,4.477407300480066854e-01,2.002932707568618187e-01
-4.308977077026895364e-01,-1.160320137713576560e+00,1.138055800402509588e-01
-6.042474065188990773e-02,-3.146455788018394373e-02,2.896224604335792541e-01
-7.693944447293015187e-01,2.225047133673137834e-01,2.656338543909355643e-01
-4.361342632429879851e-01,-4.346842387794628837e-01,-2.476154327875177419e-01
-8.101042516501228974e-01,-2.918094681613828678e-01,4.202630020021796975e-01
-5.951983845887426350e-01,5.224449299907398814e-01,-3.965087830656636170e-01
7.351415342063829517e-01,8.473075420089166698e-01,2.701180489750350522e-01
1.019638902115165502e+00,-6.761975002910852739e-01,1.405132882339811817e-01
-4.241565877478328805e-01,6.241148584558314782e-01,-1.340438796660179122e-01
6.557662803222085168e-01,-3.204809567914091994e-01,9.529936314750002413e-02
-7.330237058935102912e-01,6.899893395621187198e-01,3.077786653171770692e-01
1.021320118131326671e-01,2.020622627425515405e-01,2.141961253500535012e-01
-2.147771097519197703e-01,-6.553926973259762701e-01,-2.873801491684614406e-01
-1.909104379312759336e-01,4.736121918247500340e-02,-1.127537375932249723e-02
-8.077970506864980138e-02,5.378183575963160212e-01,-1.039874200499836532e-01
-6.830262251507166482e-01,1.606611770771380204e-02,-9.943974785658063476e-02
-4.481414833552220256e-01,-8.763152291493749857e-01,1.729785142750104032e-01
-2.552126505812823409e-01,-1.003428316071388188e-01,-9.379227037118904875e-02
2.853133762015810371e-01,-2.307786818605123691e-01,9.333729776638935438e-02
-4.095071321537718800e-02,-8.951208752632636712e-01,-1.337463504263421976e-01
-8.181854345166123671e-03,-1.519182990829527902e-01,-7.730760057329533197e-02
6.261699032416178090e-01,1.251872434459064265e-01,3.955761667720923691e-02
5.571361658050618670e-01,1.031737291024418524e-01,3.571452456380478507e-02
8.861626946244187397e-02,-8.097489661670703720e-01,2.682970005806036354e-02
8.115264951076836542e-02,3.716179181718360924e-01,-1.760123493740610168e-01
4.990327822900869625e-01,2.130870285150082977e-01,-1.910350524179068588e-01
4.627698721129783199e-01,-4.907426827242293288e-01,1.189543446617609829e-01
9.923953747796260272e-02,1.136760863430283514e-01,-6.799461861679609309e-02
-5.092383323667493134e-02,-4.978009047290626876e-01,3.785552702110275142e-02
-8.533991811893795187e-01,-1.045808669626729692e+00,-9.042143923913803852e-03
-3.380686405218340240e-02,-8.135365681327828835e-02,-3.539306304932211544e-01
6.125863591750281278e-01,-7.882595779401771474e-02,1.731884603431949332e-01
-2.340727803081404657e-01,3.176300356607564268e-01,9.968310892916226740e-02
5.641007260495383147e-01,-9.939414100357213400e-01,-4.149248798826260520e-01
4.549334879885851279e-01,5.832017395853392738e-01,5.249606034498644072e-05
9.734434764734831158e-02,-5.212242120801542367e-01,-1.767315384293442412e-02
1.365011286462410878e-01,-2.143028558256044602e-01,3.309721379202360536e-01
-3.258648923754557947e-01,-1.042985345337484604e-01,8.238608835782521012e-02
8.227530590525489185e-02,7.203932252497219357e-01,-3.140963955058712620e-01
3.454236268673837040e-01,3.256298953346599134e-01,-2.817695165707793659e-01
-1.728590954628968501e-01,1.656719174950328777e-01,-4.294395851788118113e-01
-1.718753346553136274e-01,-1.932438909519571674e-02,-3.160549873430098522e-01
-7.174570024833476500e-01,1.124755884538614359e-01,-1.605502399393949342e-01
2.279734932775281386e-01,-3.044638914023020115e-01,2.360569105314353211e-01
-1.964226151482405536e-01,3.437946956397258669e-01,-2.098632277445386107e-01
3.598769107457293059e-01,-3.036093671486809753e-01,-6.274024352093289514e-02
2.557704473307308435e-01,7.686231901311002535e-01,-5.218733411302471925e-01
-1.140308131141567483e-01,6.338289686827857095e-01,2.305837623110862933e-01
3.949651476719675536e-01,1.979525331740894512e-01,-6.944526887099490564e-02
-4.349207610669558188e-01,1.319222311843002982e-01,-5.555558795263383642e-02
-9.062239028322162104e-01,-5.656688132538471026e-01,1.233364375848602784e-01
6.085778349121029329e-01,-2.840456908508689482e-01,-2.563596644816529962e-02
-5.366952353797441871e-02,7.354712372040483892e-02,-1.103200313970515573e-01
-3.628954722501017555e-02,-2.401497133142794504e-01,-3.323465606678194240e-01
1.970703861704678483e-01,-8.419331200661517300e-01,1.072374189961616403e-01
9.209848115881374975e-02,-1.924011121594153273e-01,-1.804101259592846840e-01
9.883748853720084049e-02,-1.394009713726732935e-01,-7.295240075398459756e-02
2.950819798760265789e-01,-1.059521984604490763e+00,2.755044937847207498e-01
-1.140266521273346489e+00,4.515486868727708325e-01,-3.296806940851038092e-02
-3.242930024932620947e-01,-2.591611578140587957e-01,2.048297245495599717e-01
-3.500360699608110471e-01,-9.355328587418190178e-01,-2.327618508741358949e-01
4.833968435657074458e-01,-1.181150466324522863e-01,5.773746466388922638e-01
9.149254630317777970e-01,1.188465146546159590e-01,-2.580148996715588283e-01
1.672295434865367914e-01,2.021370769049229410e-01,1.197385789243715359e-01
-4.666285435464464504e-01,-3.390462655720541951e-01,-7.687905469751823984e-02
8.081525872579155279e-02,-2.876821245460379692e-02,-2.705705609905745268e-01
-9.868039670238497596e-01,-2.279798666063697077e-01,7.025563334832876650e-02
7.852846625405330849e-01,-8.717260113569900160e-01,-4.678958542613768645e-01
7.055318379965636044e-02,5.446901957636312019e-01,1.458714294918069532e-01
1.677792332395184605e-01,5.253649355021792200e-01,-1.930724817405808647e-01
2.175899461749233321e-01,-1.496327622988066208e+00,-3.836040442792362087e-02
3.052133219517629836e-01,2.563842317548272187e-01,-1.263713707970561817e-01
3.386905625084624671e-01,3.827345248819806756e-01,-4.321927018796074826e-02
-1.420255868266552257e-01,-1.458563871099052278e-01,6.682185192743340940e-02
-7.505264495552061987e-01,5.975585887951709863e-01,-1.650781012454587970e-01
6.809072427636935210e-01,6.429213701420635196e-01,1.385318189503789710e-01
-9.215644252306154360e-02,-7.520395590352576543e-01,1.178852244660019422e-01
4.065876151340950817e-01,-2.378166377131646914e-01,-1.438519254801110259e-01
4.181961822802411355e-01,2.567203968013900828e-01,-3.702860222873234353e-01
-3.364537760163966995e-01,-5.792826600389859859e-01,-1.035751903543423724e-01
-5.364558324397739053e-01,-8.102389166751603478e-01,-1.308150401564274201e-01
-9.392745429955253744e-01,-3.265157115039277191e-01,1.193138027263808965e-01
-2.276598938950167295e-01,-7.181882205770820926e-01,-3.042360996626217173e-01
-6.849813611535225943e-01,7.297587097891748975e-01,1.492501873602558871e-01
-4.029338644721947027e-01,-1.027302100013875563e+00,-7.775018280699737272e-02
3.344434866376291967e-04,2.235448177813095239e-01,-3.963489254069967882e-01
2.219130090911072273e-01,-6.879174545593060852e-01,-2.044463309054122546e-01
3.280209437575384301e-01,-4.900003788372805369e-01,-2.234712770892806066e-01
-3.082872877540043244e-01,-1.242753106417668479e-01,4.219026444919714292e-02
5.462240981292812991e-01,1.202962429320378224e+00,-1.492130826107843609e-02
-6.051307295113668161e-01,2.118811249905599436e-01,-2.706383709830338935e-01
-2.968690374377970786e-01,-4.610276228127392351e-01,7.369290241708520081e-03
-1.927029351918155275e-01,-3.260034561071653014e-01,-2.822745884972659436e-01
2.382197144669780386e-01,7.126931644149742118e-01,-7.491566725165881013e-02
-1.069255865923344651e+00,2.593650554845722822e-01,-1.634204031988405192e-01
-1.231072168707989523e+00,3.468263074111888611e-01,1.228297606134610281e-01
-2.063837617809924918e-01,-2.478325607758327109e-01,-3.971891102157523029e-02
-1.973195264427222151e-01,-1.234335262033935468e-02,3.591116940396077983e-01
1.136423625295060191e-01,-1.007834595475309153e-01,5.449267190883681777e-02
-5.732429751319156885e-02,3.199009811692233862e-01,7.002465837760600553e-02
1.202132198782778660e+00,-3.192105995063182489e-01,-5.699824436604299105e-02
-1.991769331762806294e-01,1.711525079548857353e-01,1.886922379779628900e-01
-8.185499309033914539e-01,1.647631999125838131e-01,1.106586085257494634e-01
7.500493493983086124e-02,5.194618946694393724e-01,1.231319175320459564e-01
-9.435086564460737346e-02,7.286415363179282734e-01,-3.015123742716590075e-02
-2.951534949381659501e-01,6.498434773577412837e-01,-4.367793176692599116e-02
-1.524870179131261883e-01,1.101177254483123757e+00,1.302059654726056039e-02
-3.675184728062828587e-01,-4.770193691521337209e-01,-3.447864514868690528e-02
-1.677992439125979840e-01,5.859019479881684422e-02,3.286027944176611593e-01
3.423654001751137987e-01,-1.243277073630004281e+00,-1.968115459072626305e-01
-8.884588344252479508e-02,1.039933167927398622e-01,-1.140101284777390866e-01
-8.674461291134514251e-01,4.394553951888953702e-01,6.746564024888015987e-02
-2.087504358234136548e-01,7.008196544804292660e-01,-3.795536739811368743e-01
-5.302330456125776692e-01,5.116988340485584263e-01,-1.921502201870692317e-01
-2.567200202533495013e-01,-2.915996747948387258e-01,1.492895365555272913e-01
-1.964761050202636639e-01,-4.785406141000668745e-01,-2.461539962180779237e-02
-6.750348593465282931e-01,-2.639676561449039172e-01,-8.483352405754737702e-02
3.859796006374228983e-02,-3.674466101089069459e-01,5.586076402211877928e-02
-4.090590582877369208e-01,-2.171853939962149413e-02,-1.498616549264842335e-01
2.703089113954481593e-01,-2.723458075284903579e-01,9.271848882990735286e-02
-3.162477217795868489e-02,-5.681214139750924152e-01,1.202466609110242890e-01
-3.204310196800848609e-01,4.425148784811469005e-01,-7.418942205245348913e-03
-2.320289828154604300e-02,2.625642268445175787e-01,3.737246173004567518e-01
-8.054184470216887437e-01,4.465867628012275548e-01,1.438304745812557517e-01
1.551942138510606639e-01,-1.197757518321305135e-02,1.561874507920020180e-02
3.108939938191970231e-01,2.899644202052241715e-01,3.378558329107090863e-01
-5.967984330046982588e-01,1.387674722508883463e+00,9.985039474770109058e-02
1.137475958640113527e+00,-2.915914416073983051e-01,9.718696154444508850e-02
3.635771861045670184e-01,-1.172179862915717352e-01,-2.182407986225639862e-01
-5.052131864428368591e-01,1.014274983996471535e+00,-6.955481457379594779e-02
1.586728025122580805e-03,-3.127326489072394522e-01,2.974555405053504534e-02
2.816595903885453223e-01,-6.562817743095546996e-01,8.553586188078363128e-02
-1.128654551758419000e+00,1.450798718889853844e-01,-1.295209749468281824e-01
-7.396522993069425400e-01,6.205232971676407638e-01,2.719155435807377730e-01
-4.388283963991224806e-02,-2.237245901450245211e-01,-1.331520797401054834e-01
-1.508005271885596854e-01,-5.970442426125540658e-01,3.403756672772000752e-02
-3.375318467716653670e-01,1.148790093773633114e-01,-7.783390556974181806e-02
1.000507991575997124e+00,-4.122323265856683849e-01,3.887654404622525872e-01
-1.213330734066135619e-01,-1.544379577363877432e-01,-2.119272278241880747e-01
-7.855140153506097178e-01,-2.993275105384023971e-01,-3.449340991287571656e-01
4.762396183354982715e-01,4.754225722826487255e-01,4.505224926788842232e-02
2.964462988194606630e-01,-5.944114707554473132e-01,-3.653767910009851905e-01
-6.292062084284286705e-01,-7.282743656594975468e-01,-2.741246365806994656e-01
-2.290155211711978889e-01,1.904470365392766096e-01,-2.632044963085113376e-01
-1.169932394813984755e-01,-2.544014474991115327e-01,-1.806644018170600607e-01
-6.472152477680498395e-01,5.225095052520791761e-01,-4.509030389098809405e-02
2.573642329928032407e-02,-6.251109148581279751e-01,2.226535071928938125e-01
1.417756587211494723e-01,1.599652855338304924e-01,1.765685320337922748e-01
-5.868859802129726688e-01,-3.843172666815251187e-02,3.075022497034557347e-03
-3.186571339586548590e-01,7.554699735779990544e-01,-1.601013792560415649e-01
6.093102629871196552e-01,-6.027710598207575154e-01,2.199544239021495873e-01
3.883384814092659398e-02,-6.490884624144777071e-01,-4.645945486669239566e-01
3.747397493033199356e-01,-2.335832347459384783e-01,-2.935979873376418636e-01
-3.077662088721245803e-01,5.115420468222903194e-01,-2.385166584969310721e-01
1.264279694243753971e+00,1.124123165155329618e+00,4.340569058055275542e-02
2.375224128256066825e-01,-8.965277531201507055e-02,1.987231105549585042e-01
-5.857913363168560927e-01,7.838721110834916406e-01,1.556905910165462537e-01
2.968593717759210326e-01,1.021932165870186315e+00,8.643955584372993439e-02
-4.444356085365877007e-01,1.190128789876588655e+00,8.449883239407063665e-03
-4.887929669115746445e-01,-5.095047714223364110e-01,6.600686980049871866e-02
3.087911143300768879e-01,-1.928702544107621306e-02,-1.039393687016513940e-01
-6.775797668627268899e-02,-2.233675381471718624e-01,2.864021999359444015e-01
-2.411443222745884296e-01,5.721189344505210883e-01,-2.166320251471650915e-01
6.121877009057694607e-01,-1.494582727265743705e+00,-3.515390774364991477e-01
-2.408605924043599189e-01,-3.657558757939601696e-02,1.157315056439332385e-01
-7.903507583545624771e-01,-5.189976563979591395e-01,3.767913615945945871e-01
1.200301322335593834e+00,3.771489650244999048e-01,4.430209108920557526e-02
-3.622243909229405645e-01,6.290730613946836636e-01,9.849275225266464207e-02
3.131067054238151348e-01,-4.830397430399818726e-01,3.196468126511794461e-01
-3.402755787372873514e-02,4.315456846972193783e-01,1.456868562296798342e-01
2.533982093865739804e-01,-3.804244206655159610e-01,-1.653304361257720567e-01
2.116448668280710571e-02,2.918276317853469304e-01,-7.387792687463354269e-02
1.651744939543481894e-01,1.177772914488243616e+00,-3.330454523750933093e-01
3.794263996120285087e-01,-3.758814879371107365e-01,5.338998416047593398e-01
3.743893367176324705e-01,-5.818194364884313741e-01,-1.528518277289623029e-01
-3.130640734369025679e-01,1.557416737918517313e+00,-1.005199157856244419e-01
6.584596363272446906e-01,7.555775386322263198e-01,1.690411020364251393e-01
1.006913351812636526e+00,-9.041146716969314379e-02,-3.583592174143942349e-02
-1.069072623522260734e+00,1.555130327684546218e-02,9.245759835559896889e-02
5.616543704804125570e-01,-1.293494411491623863e-01,-1.125300616552248056e-01
1.067217621269528793e+00,4.284715122311646279e-02,3.704879899739579180e-02
2.048059556557254857e-01,7.003216569661020463e-01,-6.498788016129421197e-02
-1.282683808178093632e-01,-8.108363235845755801e-01,1.529602407981465739e-01
8.458511689256680011e-02,-3.780027499250920853e-02,2.798070000941919599e-01
-1.009769134044615990e+00,8.606860990931510802e-01,1.161829695037791821e-01
1.052750014714538107e+00,1.265670995245685493e+00,-8.091256939746616084e-02
2.208427569178697536e-01,1.093872963773730306e-01,2.116221619786475688e-02
-9.271532581845837867e-03,3.757472818404366532e-01,-4.428010935881450394e-02
-5.316334747891647838e-01,1.971554244064453731e-01,5.199647599280275007e-02
3.018442217840285394e-03,9.551904629945151548e-02,2.346729463036612562e-01
4.048942284135490510e-01,-5.444146468598681787e-01,2.520765788354750736e-02
-4.762847553335453621e-01,-3.007579083855690394e-01,-3.854200162145783592e-02
-2.260042505685503911e-01,-8.728559436530405891e-02,-1.130303294963772298e-01
-2.153416109711436266e-01,-3.740396713818429086e-01,5.662360025290249371e-02
-5.038613419761218681e-01,8.759840658947407044e-02,1.117097666247071908e-01
3.343143481343949786e-01,2.540938497572901578e-01,-6.387930342125161531e-02
-6.437586347840844603e-01,-2.371514752201758225e-01,-2.108921334499644917e-01
3.124083903238582538e-01,-4.877838585143708106e-02,-2.761622488528173245e-03
-8.501004140526309261e-01,-1.942207205614379650e-01,5.088853965539986979e-02
-4.139933295265046942e-01,9.199776027511941123e-01,8.823862765168470623e-02
-1.150721588482662927e+00,-4.535457108043470242e-01,3.678699561402434814e-01
-1.015103560687123263e+00,1.425613192356307013e-01,2.606340162691841433e-01
-3.366477397891416423e-01,-5.043655926080052587e-02,-1.061285432401838091e-01
2.772635473661759775e-01,-2.868071794642942374e-01,1.162098989793249916e-02
3.137432818771196397e-01,-3.605537677572142607e-01,-2.248627359237960754e-01
-1.348477091675161610e+00,-1.432634687630888748e-01,1.802866188036545136e-01
1.329598780944207248e-01,-5.245846690821023284e-01,5.631868977210736926e-02
-1.713963003945122576e-01,9.542366009864237109e-01,-2.609351449123951672e-01
6.304393971548899467e-01,2.784663060441628923e-01,-2.766338708071967023e-01
6.631371885609126382e-01,-3.757439219863334574e-03,1.908969377135255052e-01
2.027264402151448819e-01,-3.720443842136792467e-01,1.643713160160374387e-01
1.642354201554195037e-01,-5.647220967640786959e-02,7.464330438690025549e-02
6.488921222710468673e-01,1.114228585539417671e-01,6.461551891959962934e-02
6.628922695575747981e-02,4.305370419698004852e-02,1.702791212117997222e-01
4.734351490352596836e-01,4.302665722314580887e-01,-1.162403824066816638e-01
1.443898846978104444e+00,4.281382390672030525e-01,4.705259494351012317e-01
2.234956798565684299e-01,9.404493483956587463e-01,1.024275592658584477e-01
1.138271619428969705e+00,3.582252921316768091e-01,1.302151176035953595e-01
-2.526166701460034747e-01,3.657421565917304829e-01,-4.512562361982922488e-01
9.463388558366492287e-01,-3.574254718439501266e-01,-3.477820735748579084e-01
-4.257450273751262060e-01,-4.907178020208666780e-01,-3.386785412290578556e-02
2.452170599839370302e-01,-1.373061637721611772e-01,1.348016981799654290e-01
3.113078191110089099e-01,-5.680123754653180201e-01,-4.321949210949631026e-01
-5.641425368107720606e-02,2.537368950508289700e-01,2.176620236000013642e-01
3.457198191210157645e-02,3.504045007808850865e-01,3.960182298424533287e-01
-4.918186663561358030e-01,4.646770535239834743e-01,-3.183937590147518648e-01
3.222616523185027337e-01,4.569132810631559849e-01,3.429972829784923016e-01
-6.665903684074477031e-02,6.197372977023746232e-01,1.206798166164768649e-01
7.288870081562053016e-02,-7.140748855344878354e-01,-2.573811505566567237e-01
-2.537614438351644131e-01,-2.758990472539741765e-02,-9.685303198474704001e-02
3.067534655964044843e-01,1.650197839937731226e-01,-6.380217021662301646e-02
1.276196744563762087e+00,-2.651326909619697858e-01,9.210396114933186440e-02
2.733567786983190917e-01,1.472634462134303490e-01,-5.040374307134006804e-01
7.024981538314514773e-02,-7.063597979922853209e-01,-1.238269007186104664e-01
-2.507119684352883682e-01,5.921520917720981547e-01,1.705781844097500194e-02
8.833320904437869103e-02,-1.150345421791254541e+00,-4.137720625790518025e-01
-5.546245541708592075e-01,1.025448536594968818e+00,1.394208045774332771e-01
-8.416127938416984033e-01,9.070318702499842456e-02,1.924537619923100684e-01
2.584609051596929996e-01,-4.228364485719662835e-01,-3.744481581670556225e-01
8.690320654902065067e-01,6.678386626648213920e-02,-1.219060846299773182e-01
1.016175824730964239e+00,-2.355055276519406673e-02,-2.460964020538496944e-01
-5.867530952307802306e-01,1.261926170584593554e-01,1.118574679290408325e-01
1.276529217272800221e+00,2.860575357106582284e-01,-5.381465850430216906e-03
1.701562736022869393e-01,8.924549710558273841e-01,4.461855181149095018e-02
2.140450317541605918e-01,-2.815296366515679383e-01,5.145230950779111634e-02
-6.499181191049479001e-01,-2.966070284822237002e-01,1.589772552703272446e-01
-1.143541179275459341e-01,-9.280864307958835990e-02,7.947280729485381445e-02
-2.283994450989472805e-02,3.754288616875596230e-01,-7.309715425806258271e-02
4.262337814668163416e-01,2.137448628969188663e-02,1.273239079243659033e-01
7.417689150893973515e-01,-3.625375479914677568e-01,1.080785195915911212e-01
2.991710986430332619e-01,1.666320791191146927e-02,-3.027005691920826580e-01
5.453229292662756800e-01,6.311676929904332933e-01,-2.749274183914210967e-01
-7.150577800056029387e-01,1.274108826760109725e+00,2.090905991771082884e-01
-9.923371356571488722e-01,1.429354843346602733e-01,-4.238456449435357709e-01
7.406408849848581388e-01,-8.295207036753620145e-01,2.346057307454039731e-01
-4.881333966295170468e-01,-3.245107310801032541e-01,1.988758865307897750e-01
6.767044129539597774e-01,3.068552633460384232e-02,3.732722089830323164e-01
7.244105196565011617e-01,1.881990976812974448e-01,1.405596580059392253e-01
1.891073535340830059e-01,1.110831894691305111e-01,1.861926617071157364e-01
-1.792283151354570059e-01,2.730789791442078673e-01,-1.416776387873199851e-02
4.305578436460557046e-01,-7.367930256926044086e-01,-5.533948177055194456e-02
-1.625372499946591553e-01,3.863753122870631218e-01,-1.240470596432904082e-01
2.862403062188377811e-01,6.217483160205611314e-01,-4.543430764888884421e-01
-8.360837413546136077e-01,4.960092262629939297e-01,-1.165125606634793975e-01
-7.477893191768387841e-03,7.507137248114253980e-01,-2.273992582320150946e-01
-1.480100802231696377e-01,4.557241378391357900e-01,-4.846744285619865589e-01
-4.080437075890819831e-01,-2.358003898300771728e-01,8.000362400728308621e-02
-2.624678042626257812e-01,-4.267386743330979226e-01,1.074536364805600136e-01
-2.154651566866321866e-01,4.303794498968089854e-01,-4.292348352802650979e-02
4.665723689994198398e-01,-8.271250310752613633e-01,-6.547900543864847156e-02
-2.786585603710180492e-01,3.695620600302888525e-01,8.740631470025535255e-02
3.150902173300226261e-01,2.173257352074238133e-02,5.468383757831125902e-02
-1.988564334235001785e-01,-1.535542337988847206e-01,-3.248924407131313641e-02
-1.202509618610439340e-01,-4.498323731820488836e-01,-3.458773074445349316e-01
2.000265467629518956e-01,-4.046582810668645780e-01,1.061218049921714701e-01
1.680265398208861116e-01,-3.991205577721378961e-01,-1.080184887523736037e-01
-6.688820763621399212e-01,4.734567015552942348e-01,-7.725385766330494786e-02
-4.822911409972118757e-01,-5.690337192813081646e-02,-1.406924698692132991e-01
3.262644160717919628e-01,-6.960090916551877616e-01,-3.535780555326969443e-01
4.253249940261990547e-01,-3.902858137895151569e-01,7.756095381994528026e-02
-1.487251850210732640e-01,1.729074604787091685e-01,1.769584731042194714e-01
3.314273760694712578e-01,-3.345810777772419836e-02,2.891181424111617937e-01
8.381417183109952651e-01,1.065807128082584487e+00,1.409656313857889087e-01
9.364556977726561371e-01,-3.485613688738332105e-01,-1.879730329509364251e-01
5.033236223932342490e-01,-9.800148006202960005e-01,2.268839085716682913e-01
3.872383751955922326e-01,4.643737740370929568e-01,1.149884672729538232e-01
4.702339173248057946e-01,3.092405227892895958e-01,-2.874895777860142498e-01
-6.970861177628677741e-01,-5.815056549442769451e-02,-4.857996543254050614e-01
1.963982733699350391e-01,3.728687747537497987e-01,-1.083097174651083544e-01
1.334819571177405795e-01,-1.915018140378022815e-01,2.771008503673551560e-01
-1.851103341450867912e-01,5.856996460583674229e-03,5.564129331728695504e-02
2.195156094916821399e-01,-7.297420173674730171e-01,-3.595104897865105120e-01
9.341259879777194519e-02,1.828673839906724830e-01,1.910143322888406825e-01
-4.146743747139753355e-01,3.125905874647020299e-01,-6.106871365358196302e-02
2.015441898907371632e-01,1.127235361820976972e-01,-3.877382077638121260e-01
-1.394147743609421175e+00,9.773934100138929049e-01,7.952788214814751622e-02
2.744761563462053688e-01,3.695931154987799339e-01,-2.334008779515016896e-01
-1.474481014982234883e-01,-4.782973176043391339e-01,7.602646856457503932e-02
5.424816082630454783e-01,-4.347210803418728453e-01,4.480608195031522689e-02
2.344363376180067654e-02,2.260410854410390691e-01,2.408590255478039732e-01
1.104877308763543980e-01,6.711885824182679539e-01,-8.248036677827122465e-02
-1.027750652005465365e-01,3.011676094727864378e-02,2.250823220729325329e-03
2.744839008442097050e-01,-9.324312926502671683e-02,4.154747222511388505e-01
-1.191739358800402160e+00,-3.254108883332249708e-02,8.492509503711787033e-02
6.438288653887850321e-01,1.307069574877463558e-01,-1.153745979288656100e-03
-5.262540060114689888e-01,4.495119434800199931e-01,4.381519226283627222e-01
2.317880559814915475e-01,7.722398784426004470e-01,-4.302436166742932278e-01
3.059857258654010148e-01,-6.357011157590384265e-01,1.550689371588584789e-02
5.377061964399574290e-01,3.517771085421497745e-01,-3.230429043989990201e-01
-3.406892917449740321e-01,3.998224115169243809e-01,3.739422819709995460e-01
-9.680097610756921434e-02,-6.425755545246302214e-01,-1.140778031093175465e-01
-3.851085193050755584e-01,5.395187843298411279e-01,-2.043711105066350342e-01
3.720827511551748623e-01,-1.859948792610052748e-01,-5.464091329475460196e-02
-1.402805239274713678e-01,-1.402244923233184615e-01,-3.279422012403959141e-01
3.790696459971683030e-01,-6.446266522810322197e-01,3.804662349718478387e-01
-7.684296818103759641e-01,4.348682072410259281e-01,5.083651487290957727e-01
-5.474820780800988551e-01,2.784955074780133197e-02,1.200239749165256525e-01
5.396956028966625185e-01,3.056712193469378613e-01,-2.951904687239890190e-01
9.734709107424668884e-02,-4.385344085506456269e-01,1.182936165785339853e-02
-4.652282266410097122e-01,5.175162944301716639e-01,-8.719277321571623773e-02
6.933264535248573335e-01,1.448962704003083024e+00,6.090563324232367570e-02
6.099757005631585294e-01,-4.148214753690696033e-01,-6.520389299913628700e-02
-3.144935161830334502e-01,-1.912509328697721278e-01,7.585250057204059870e-02
4.268641320617629770e-02,-7.873792651248410213e-01,5.435098475686914871e-02
1.909397819116846196e-01,-3.380615128337015607e-01,2.039018561362018200e-01
-9.717820134460568582e-01,1.281486575273104445e-01,-1.164841992743961274e-01
3.022225147127979294e-01,-1.812596016799612186e-01,-3.631362898698314856e-01
8.600869714755161599e-01,-5.189708704161465347e-01,1.941376448201990734e-01
3.696665534725340763e-01,-6.520023896745213987e-01,9.420926585471786630e-02
-3.755214884719232371e-01,-3.701937287564800727e-02,-7.115855261646150676e-02
-8.727717565441756031e-01,7.347407114533428818e-02,-2.905520514067579801e-02
2.110004923235351826e-01,6.739111687998287914e-02,7.271381143479119236e-02
4.397040908130104842e-01,-4.209464770698616576e-01,5.783073923481783785e-03
-1.710536815003022015e-01,2.219850367553513060e-01,4.290365962832083657e-02
-3.423589147366093988e-01,1.614362190110412432e-01,1.496034042883618263e-02
2.639420803447131147e-01,-2.672435411815552442e-01,-3.147408062825516467e-02
-2.427264378850090554e-01,2.941153550798716321e-01,-2.401416447667397147e-01
-3.084797097385260645e-01,-1.001715743134492728e-02,-3.340131962576736030e-02
-3.982251562335625827e-01,-4.896977645233798748e-01,-1.188558910715112188e-01
3.479456842633811831e-01,1.221788286950616476e+00,1.466340450766052683e-01
-7.079397936855560958e-02,6.181753352224594877e-02,-7.187111142196148106e-02
-5.165681725726927187e-01,-2.586210676518531648e-01,8.980153476456487205e-02
-4.211112888718172020e-01,8.017474615559512519e-02,1.736163922140832039e-01
-7.264221995606234827e-01,2.623439416812416991e-01,5.716500013980887335e-02
-6.039772280053705700e-01,-4.354063822329264366e-01,8.581628803405160974e-03
1.640419973478087767e+00,2.393453809955360667e-01,3.654991639327997421e-01
1.078974499215978433e+00,7.099022199769449148e-01,-4.484747177251624528e-02
7.700938162753668825e-01,3.569182923417592995e-02,2.818235494974334898e-01
-1.778409925502378586e-01,9.189953280288695736e-02,-3.044370037350864200e-01
-3.588018631488051335e-01,1.227351130591899792e-01,2.501623230615797056e-01
6.941340884675779588e-01,7.497902681664924893e-03,1.014596942043062278e-01
-3.663075006358601504e-01,6.818321591650077229e-01,-1.113473955890620787e-01
1.190026050763172416e-01,3.955332042020563432e-01,-6.057383433375653631e-02
1.334826860732921117e-01,1.755669328318692213e-01,-2.811138934837854042e-01
-1.156051679183944136e+00,1.000096464633789539e-01,-5.896922953572048334e-03
-3.004671021415857290e-01,7.834616839151908874e-01,1.262770760455396990e-01
-4.196146027935929723e-01,-7.425199922388736606e-01,3.439903810040991772e-01
-2.772436362883512473e-01,5.615159954531806497e-01,2.582285250941568442e-03
2.911830049429209311e-01,-1.330593526005262872e-01,4.515659979057380646e-02
5.188298841838092645e-01,7.305208734287975680e-01,-5.137104191336387682e-02
2.003166580234804761e-01,-4.935731931432791875e-01,3.033315584739586512e-01
-4.631287429146647705e-01,-3.324783688460198894e-01,-9.769620400992924669e-02
-4.261345076694754708e-01,-2.038220482695194957e-01,7.173890717422583274e-02
-2.654206171425842475e-01,-6.088984698661124018e-01,5.171329222710826373e-02
2.932446369132785113e-01,-1.454883361212509219e-01,-5.017543379865548742e-02
5.476080232186097962e-01,6.611990440877768549e-01,-1.117372180982537377e-01
5.351923338029435095e-01,-5.474976429860840543e-01,4.170434652497319594e-01
8.396892741622548062e-01,3.935884961738576049e-01,4.206695171732569710e-02
-4.421007717261660197e-01,-6.119050324343948410e-02,-6.226058920326858759e-02
2.877609253630413200e-01,3.579270923723948949e-01,-3.134527636398392048e-01
6.461491194662495607e-02,-4.572228469605554291e-01,-9.991367476330856312e-02
-2.314588253748880720e-01,5.029755689988106848e-01,1.662686741354161557e-01
1.413298081092326131e+00,7.751850319314196325e-01,-2.032573728875042285e-02
-2.650021086407350346e-01,-5.959938660152547252e-02,-1.023286255557899205e-01
1.016425703134423014e-01,-2.633136628274138635e-01,1.275094045247036345e-01
-7.742325407885142230e-01,3.935977100694104114e-01,-1.865666129811611659e-02
1.523589578143755841e+00,-2.254545396433372262e-01,1.535347551437991065e-01
2.559011179613373543e-01,-3.715664651659452145e-01,2.374719769257381541e-01
2.851304030535437017e-02,-5.655391885381482187e-01,-4.157096374455990923e-02
8.001905104563485915e-01,-1.774188589951047612e-01,-3.032235274380196133e-01
-1.783949675539411306e-01,4.216525208956777848e-01,2.298756122482902009e-01
-7.904456029678686990e-01,7.089131538387830611e-01,-2.675057525499422995e-01
5.079840809198313822e-01,4.800518227676919270e-01,3.080237342748293750e-01
-2.551456472412517718e-01,-1.389771121763002937e-01,1.974720074478709675e-01
2.215258109473235426e-01,5.691299456293062997e-01,-1.353360917804843390e-02
-9.514007040424966866e-02,2.432705825379369302e-01,9.904591523650363438e-02
-7.029761476243192586e-01,-8.441194983064880253e-01,2.356308497139152913e-01
-3.694130235338878576e-02,4.266316245091095749e-01,-1.072950122551630664e-01
9.236961268817598381e-01,-1.166512298187342422e-01,-5.342855261406922462e-01
6.162978158786920346e-01,8.114393613967671448e-02,-1.197323026034679272e-01
8.275364886468932202e-01,-1.228225021190723770e-01,-5.758036492528937483e-02
-3.818429374898512085e-01,1.109865648812164915e-02,1.006167740873628869e-01
2.018941646342615748e-01,1.082501597061301890e+00,-2.076170943542310909e-01
-3.210402991766542202e-01,6.391138123659038106e-01,1.590137688406060429e-02
7.022851384866817259e-01,-6.307268994830910191e-01,1.078147432133477468e-01
3.023439709679341947e-01,2.100414870855105975e-01,1.640073874767824513e-01
2.692949140212196890e-01,5.554060536502358585e-03,-9.624313157838512711e-02
-1.212937957143749301e-01,-4.862603262367518053e-01,-1.176781240167439069e-01
-1.036515711465159084e-01,2.282935490060063743e-01,-1.320317463819669079e-01
6.578877000571350941e-02,9.180746739567491321e-01,-5.534785669093678084e-02
-5.236957143154341576e-01,5.042915927122008091e-01,-8.049622793804545040e-02
-4.288996940294524940e-01,7.040168879845730698e-01,1.399548593067345414e-01
-3.042083265755938237e-01,-4.076054880523896640e-01,1.937651508006630469e-02
-6.731129615442607572e-02,-8.105828556210917801e-01,2.684871189327945329e-01
1.277022189295069499e+00,4.478336862490791409e-02,1.489999368216413378e-01
-4.250269989237333013e-01,3.662496839946358662e-01,7.962287386701334679e-02
-3.039789805707899806e-01,-1.669677192542223243e-01,-6.877327835797800160e-02
5.745306065037835141e-01,-7.237355338873919797e-01,7.330109314494410999e-02
-4.415918798606590090e-01,-6.075333234481217204e-01,-3.599285919278806256e-01
-2.737065861897716168e-01,-6.326719079706206728e-01,2.340879652069266792e-01
2.917576458852307320e-01,6.821660925899977190e-01,-4.226380614403291158e-02
-3.216115237129755777e-01,-1.919480809443593339e-01,5.029321176940432236e-02
-5.462839676705578962e-02,-1.300898224929254887e+00,-2.724675238055259685e-01
1.382954152308484841e-01,-3.557661710555414247e-01,-1.822722148290844280e-01
8.363425875874000437e-02,-3.258495459898754776e-01,-1.206304218861075361e-01
-3.380117781737477234e-01,-8.370292001883162802e-01,5.904433211753681160e-02
-7.550157558794972079e-01,1.470550091116670510e-01,-4.223262421248466514e-01
8.718496271131042155e-03,-8.418240888790332055e-02,1.273600735086838076e-01
4.366399630139506938e-01,-2.315898473026105631e-01,2.235961201107516394e-01
-3.141102723810477726e-01,5.601354657712203089e-01,-6.455193170825435089e-02
-9.834049555400354858e-01,-6.514176832231056702e-01,-1.267515523805546329e-01
-4.742290076101016161e-02,-1.255032830355234108e-01,1.522009089178071872e-01
-4.833251276294437959e-01,-5.933005183156239010e-02,-3.268144134221461772e-01
1.229616333431908570e+00,9.651251100420535356e-02,1.851437154028817422e-01
-3.301022482466002272e-01,1.705619175426251882e-02,1.384103882074721459e-01
-1.367685126684994590e-01,3.012649702141051433e-01,-1.770649472429123572e-01
-1.330103319311791932e+00,-4.128854172179804993e-01,2.211238000351198052e-01
-6.802916527515923129e-01,3.091452782026979373e-01,1.996610244934898248e-01
5.076476029062755302e-01,6.885966382207042713e-02,7.084092077999926129e-02
2.149851072136640118e-01,-6.188989649283899164e-01,1.480513309570823111e-01
6.735981483455363850e-02,-6.976971485450144117e-01,1.403730884104694744e-02
3.204574403225635137e-03,4.101076722300488475e-01,2.186139402006498922e-01
1.699864031960987565e-02,-4.176128157674374175e-01,1.148387319560032760e-01
1.796707735761161190e-02,-3.750281945231793701e-01,3.463060589265212208e-01
-4.030124197350136162e-01,2.519681774011819364e-01,1.052911663062009728e-01
4.967302491138279597e-01,3.116165648107939168e-01,1.795603241521532001e-01
-2.336561681178456751e-01,7.623453959073558384e-01,-2.739528475501084026e-01
-1.548595349058510262e-01,-2.037731224286759846e-01,1.151190318514214717e-01
1.423505353476629265e-01,5.870544616333647214e-01,3.142860857948052700e-01
4.264471345877917652e-01,-2.352369861737428347e-01,-2.109923060187778032e-01
-6.465360560703510284e-01,-1.102110503170643963e+00,9.244281660765962805e-02
1.342145083693988550e-01,-1.795255660509787465e-01,-4.541364163026507805e-01
1.737344037883678805e-01,3.692285327515776230e-03,-1.682790711580025578e-01
-2.008706411290533678e-01,2.118009692932313059e-01,4.216579593505611484e-02
1.931884167191501578e-01,-1.482188212925184823e-01,-1.577185644891426763e-02
3.106490419755595922e-01,1.094246186578838431e+00,-5.844807479849498805e-02
2.164992053977684017e-01,6.624526301288035102e-01,6.210321625477613697e-03
3.416131931727753313e-01,8.375465817349972419e-02,-1.995344565144437088e-01
-2.208820593838167756e-01,-4.301854345080774467e-01,-2.026413837749999752e-02
2.409131264842406250e-01,-1.555503062734343023e-01,-2.659153354622955101e-01
-5.759563759137987793e-01,1.192812121164026767e-01,-1.377405137035461191e-01
-8.013766781320061927e-01,-3.193986073600676989e-01,-2.762487149969284350e-01
-9.379802625330405097e-02,-1.790164923863974966e-01,-9.749542296529587274e-03
2.904060427624540752e-01,-9.312563468240084297e-02,2.234232382699816166e-01
-5.076758103635270469e-01,-2.645811916014338960e-01,8.202662023617397768e-02
-4.695479252674475967e-01,-1.994564842382389735e-01,-1.009747837545052207e-01
7.786760196273079249e-01,3.542257579182866989e-01,2.029440872831321518e-01
3.343521586688974478e-01,5.745935085468409920e-01,2.508872700714069870e-01
-5.119221625892662608e-01,3.722975722592098968e-01,3.885999100931817329e-01
2.676189186834181388e-01,-5.681797707110188000e-02,1.542228703833019021e-01
7.197022989327325759e-02,-3.980815791437065654e-01,-2.752543034064464100e-01
1.179957667312659872e-02,3.981911191987115850e-01,-9.675611548149688768e-02
5.697958935913581824e-01,-8.817158962416865586e-01,9.766086316815256532e-03
5.242434614289173123e-01,-7.023187303769838907e-01,-1.222220855547956064e-01
-5.196242654432078334e-01,-5.730982855613304672e-01,2.927137763630554002e-01
-7.848333206626626479e-01,-8.363656733982635649e-02,2.002957776750596830e-02
-1.004535310251825075e+00,-4.755573798909960570e-01,4.579681961392269574e-01
-4.747262835160347416e-01,-3.997815413812465524e-01,7.791918327580096837e-02
-5.216814371575680120e-02,-5.027800621718279128e-01,3.072757254707905172e-01
-2.365771273874493486e-01,1.087774365716551284e+00,3.914055335917299844e-02
-7.842332451849644004e-01,6.751414800778486880e-01,-1.694100604653680509e-01
-9.944458690991646588e-01,8.186081637400622890e-01,2.926848854072689951e-02
6.370150534894372663e-02,-3.840836974747505184e-01,2.620155680978567547e-01
7.051694068669239410e-03,3.725243923345765151e-01,-9.977010048372531026e-02
9.042283653975202729e-02,-9.596362655531462393e-02,1.906295419411060676e-01
-3.994359763663387075e-01,-9.217460379701151174e-01,-2.864713654182127756e-01
2.430730889236979719e-01,-6.231442246715097888e-02,-2.390052403425949323e-01
6.128154112535828535e-01,3.905039242285465728e-01,-1.652178240292620226e-01
2.743750830055626810e-01,-8.859507061896422508e-02,-1.758173443103349387e-01
-6.287107051033127281e-01,-1.229082537462442559e+00,-2.865642515552005998e-01
-7.266184017500085246e-02,-2.376526351362705236e-01,1.460111931896281023e-01
-4.000368125282581788e-01,1.224953434001128938e-01,1.274857630619974092e-01
-8.691793119748130181e-01,-6.165383370931718510e-01,-3.427218395024255737e-01
-9.544817936757186150e-01,5.012551088329020299e-01,3.088783989976736505e-02
-2.723271661689518064e-01,2.128185843609600170e-01,2.287093811666844334e-01
-2.701413122428482638e-01,8.499120130285440222e-01,-1.574615251393164106e-01
-3.457322771526531446e-01,1.101152496501513339e-01,1.357782401039503428e-01
-5.320694389658492396e-01,-2.361227928647856023e-01,-5.358139845751095504e-02
6.844669657331590162e-01,-4.182504822460972882e-01,1.260628909235781969e-01
9.539103083286381013e-01,2.526920030464824274e-01,1.268421074420289420e-03
6.397108520038433666e-01,1.146892937483825259e+00,1.183573065315901562e-01
-6.105527265503336576e-01,-6.524608349523429718e-01,-1.950921854679068396e-02
-2.022739265485568386e-02,-5.812823835760992930e-01,6.523790963539063958e-02
-5.732447625167715888e-01,2.664948485701459369e-01,1.898042895613059888e-01
-9.735131196163576695e-01,-2.782849062088240677e-01,2.200826586132252627e-01
-2.574501504324020959e-02,5.720840412393746188e-01,3.794107036109576891e-01
-4.011165184470831535e-02,2.783751209067881760e-01,-3.406450909904498725e-01
6.306201487407377959e-01,4.599451168053915739e-01,2.378241630076002866e-01
-2.188430517429676703e-01,3.744545098413183393e-01,2.859595325743701233e-01
3.094940420687747329e-01,-6.644630083322842218e-01,3.871461681966099078e-01
-2.654369288124368564e-01,-3.362909510361425380e-01,7.063508587609801555e-03
-4.810575445936375594e-02,4.023990469134028913e-01,1.339802513574646081e-01
2.514639686541202956e-01,3.824356222164443375e-01,-1.974463802987821148e-01
9.355982440162631253e-01,-2.591381704168740363e-01,-4.260399360413622688e-02
-7.393396905100023675e-01,-1.724931723685552143e-01,3.772793269863932708e-01
3.696259281438118438e-01,2.922139927117797242e-01,1.225898048302616339e-01
4.724780917680698744e-01,1.416434214547047432e+00,3.686930727721019485e-01
-4.957092530934209540e-01,-3.679314440498086813e-02,9.648885587899161398e-02
1.856385296947804520e-02,-1.863898838536142688e-01,-2.128598506161243423e-02
-3.614419393955425885e-01,-6.317683840637553505e-01,-2.988211684813225077e-01
-5.236991403062264405e-01,3.094244339936432775e-01,-1.448642352637927455e-01
4.965226132568886785e-01,-8.497165081895804994e-02,6.508605204468253733e-03
-4.636102291853398394e-01,4.052287606415607146e-01,2.312351727543460189e-01
5.171143753644323882e-01,-1.987413106910332627e-01,7.084024096682321747e-02
4.454912611940085518e-03,2.393419336130540170e-02,-3.319237476570353895e-02
1.334492875659689104e-01,-5.296788236279015294e-02,8.005411120440117378e-02
3.675020324545718031e-01,-5.332605339927232180e-02,-1.064172836702870911e-01
-2.393542155424801532e-01,5.106769847656623673e-01,-2.715197025753954968e-02
-2.659032880198715643e-01,-4.312847171160940490e-02,-1.606881276049134527e-02
-1.417105929789181373e-01,1.111941797135147514e+00,-3.712769851436856922e-02
-3.726697330973479660e-01,5.711403719915792987e-01,-2.190587101339597498e-01
1.493567594505982088e+00,-5.614303579382530218e-01,-6.048847609332486108e-02
3.653309241946264829e-01,-2.287623086574243625e-01,1.199157002379489939e-01
-2.683134974259191452e-01,2.419282078832371286e-01,2.554981382144545510e-01
-1.187732869585571803e-02,-4.144738063251366955e-01,1.901731202328325321e-01
-1.168592580519596663e-01,-3.340620946471474229e-01,8.184331243859095661e-02
2.290309531148221889e-01,-6.369313276751249475e-01,9.972636110939370538e-03
3.637031620183892033e-01,3.729223373737405867e-01,3.190812256010655545e-02
-6.500789520235566998e-01,-2.907493913383801809e-01,6.084414376640796818e-02
-6.629615502462937737e-01,2.433773626278259439e-01,-2.607583665307179333e-01
3.528729819514806465e-01,3.338333620025354387e-01,-8.374810846554600618e-02
