1000,0,0.8,0,0.00146583921741694
1000,1,0.8,0.000133655638265839,0.00352734379230024
1000,2,0.8,0.000650866789322135,0.0052827304371903
1000,3,0.8,0.00119299529508732,0.00690845949749896
1000,4,0.8,0.00175172520652911,0.00845687126687567
1000,5,0.8,0.00232470462300971,0.00995220168379873
1000,6,0.8,0.00291111493261886,0.011408066447169
1000,7,0.8,0.00351057444313141,0.0128330328612242
1000,8,0.8,0.00412276278964252,0.0142329138802061
1000,9,0.8,0.00474727962811938,0.0156118725356431
1000,10,0.8,0.00538360747460831,0.0169730141963432
1000,11,0.8,0.0060311249441507,0.018318730104242
1000,12,0.8,0.00668914479171678,0.0196509093112107
1000,13,0.8,0.00735695561774963,0.0209710756593494
1000,14,0.8,0.00803385794344158,0.0222804804243617
1000,15,0.8,0.00871918869982458,0.0235801661889812
1000,16,0.8,0.00941233540310726,0.0248710129706409
1000,17,0.8,0.0101127412809068,0.0261537720241702
1000,18,0.8,0.0108199049119114,0.0274290907784142
1000,19,0.8,0.011533376710263,0.0286975319589645
1000,20,0.8,0.0122527537164592,0.0299595886801549
1000,21,0.8,0.0129776744502863,0.0312156958886706
1000,22,0.8,0.0137078136340449,0.0324662396625444
1000,23,0.8,0.0144428776211498,0.033711564511372
1000,24,0.8,0.0151826002723012,0.0349519796565593
1000,25,0.8,0.0159267398254874,0.0361877637304414
1000,26,0.8,0.0166750754872826,0.0374191689758733
1000,27,0.8,0.0174274052106571,0.0386464246857781
1000,28,0.8,0.018183543418532,0.0398697399307963
1000,29,0.8,0.0189433193164462,0.0410893062070677
1000,30,0.8,0.0197065749819946,0.0423052991119179
1000,31,0.8,0.0204731642412677,0.0435178805514616
1000,32,0.8,0.0212429514854311,0.044727199865388
1000,33,0.8,0.0220158105100237,0.0459333954395216
1000,34,0.8,0.0227916236680963,0.0471365955431446
1000,35,0.8,0.023570281058069,0.0483369196251704
1000,36,0.8,0.0243516797237627,0.0495344788143252
1000,37,0.8,0.0251357233282286,0.0507293770286545
1000,38,0.8,0.0259223211947842,0.0519217115570829
1000,39,0.8,0.0267113881733223,0.0531115733917091
1000,40,0.8,0.0275028439175788,0.0542990482066619
1000,41,0.8,0.0282966127092141,0.0554842162907767
1000,42,0.8,0.0290926229168967,0.0566671535688215
1000,43,0.8,0.0298908068019674,0.0578479314038494
1000,44,0.8,0.0306911003307979,0.0590266173692382
1000,45,0.8,0.0314934424968167,0.0602032752483952
1000,46,0.8,0.0322977754921481,0.0613779656061151
1000,47,0.8,0.0331040445683113,0.0625507456984515
1000,48,0.8,0.0339121974171435,0.0637216699508092
1000,49,0.8,0.034722184107684,0.0648907900523084
1000,50,0.8,0.0355339572850171,0.0660581552801193
1000,51,0.8,0.0363474715954768,0.0672238124399076
1000,52,0.8,0.0371626837810715,0.0683878061460705
1000,53,0.8,0.0379795524301257,0.0695501791060384
1000,54,0.8,0.0387980379424323,0.070710971909084
1000,55,0.8,0.0396181024457762,0.0718702234299611
1000,56,0.8,0.0404397095923288,0.0730279710130138
1000,57,0.8,0.0412628245077962,0.0741842501062325
1000,58,0.8,0.0420874137278908,0.0753390949497332
1000,59,0.8,0.0429134451154041,0.0764925381600805
1000,60,0.8,0.0437408878740817,0.0776446112013531
1000,61,0.8,0.0445697122280434,0.0787953442504683
1000,62,0.8,0.0453998896156806,0.0799447661204573
1000,63,0.8,0.0462313924844682,0.0810929047904985
1000,64,0.8,0.0470641943595651,0.0822397870567098
1000,65,0.8,0.0478982697481447,0.0833854385703645
1000,66,0.8,0.0487335938588271,0.0845298843155931
1000,67,0.8,0.0495701429370841,0.0856731481556445
1000,68,0.8,0.0504078940980051,0.086815253257515
1000,69,0.8,0.0512468250240752,0.0879562218055946
1000,70,0.8,0.0520869143707392,0.0890960753179851
1000,71,0.8,0.0529281412842248,0.0902348346350412
1000,72,0.8,0.0537704857755781,0.0913725197457093
1000,73,0.8,0.0546139283244604,0.0925091501050039
1000,74,0.8,0.0554584502178004,0.0936447444616231
1000,75,0.8,0.0563040332433538,0.094779321012868
1000,76,0.8,0.057150659603167,0.0959128972882608
1000,77,0.8,0.057998312301762,0.0970454903053057
1000,78,0.8,0.0588469747047349,0.0981771166707339
1000,79,0.8,0.0596966306346863,0.0993077922494455
1000,80,0.8,0.0605472645657064,0.100437532645641
1000,81,0.8,0.061398861102803,0.101566352872641
1000,82,0.8,0.0622514057602619,0.102694267563868
1000,83,0.8,0.0631048839566167,0.103821290806243
1000,84,0.8,0.0639592818993118,0.104947436458744
1000,85,0.8,0.0648145859926452,0.106072717878793
1000,86,0.8,0.0656707830796976,0.10719714802606
1000,87,0.8,0.0665278602682753,0.108320739619524
1000,88,0.8,0.0673858051061864,0.109443504865691
1000,89,0.8,0.0682446055046724,0.110565455723462
1000,90,0.8,0.0691042495710489,0.111686603900552
1000,91,0.8,0.0699647258024182,0.112806960636644
1000,92,0.8,0.0708260229259849,0.113926536968039
1000,93,0.8,0.0716881300145992,0.11504534372444
1000,94,0.8,0.0725510364245922,0.116163391260079
1000,95,0.8,0.0734147317336031,0.117280689824425
1000,96,0.8,0.0742792056784732,0.118397249399791
1000,97,0.8,0.0751444484830467,0.119513079540226
1000,98,0.8,0.0760104505199204,0.120628189847221
1000,99,0.8,0.0768772021536666,0.12174258943716
1000,100,0.8,0.0777446943312252,0.122856287416564
1000,101,0.8,0.0786129179935517,0.12396929245693
1000,102,0.8,0.0794818643252793,0.125081613163435
1000,103,0.8,0.0803515247634163,0.126193257914631
1000,104,0.8,0.0812218909047091,0.127304234913786
1000,105,0.8,0.082092954515353,0.128414552082223
1000,106,0.8,0.0829647076497106,0.129524217321153
1000,107,0.8,0.0838371423491747,0.130633238194795
1000,108,0.8,0.0847102510292466,0.131741622192052
1000,109,0.8,0.0855840261807248,0.132849376567927
1000,110,0.8,0.086458460331672,0.133956508447321
1000,111,0.8,0.0873335464531046,0.135063024876202
1000,112,0.8,0.0882092773804695,0.136168932611422
1000,113,0.8,0.0890856462787006,0.137274238381249
1000,114,0.8,0.089962646393198,0.138378948727634
1000,115,0.8,0.0908402710763001,0.139483070005632
1000,116,0.8,0.0917185139324339,0.140586608486783
1000,117,0.8,0.0925973685048944,0.141689570306248
1000,118,0.8,0.0934768286545014,0.142791961513912
1000,119,0.8,0.0943568883056987,0.143893787969953
1000,120,0.8,0.0952375414204097,0.144995055448033
1000,121,0.8,0.0961187822130768,0.14609576958279
1000,122,0.8,0.0970006048302182,0.147195935972676
1000,123,0.8,0.0978830037506544,0.148295559972668
1000,124,0.8,0.0987659734033319,0.149394646952068
1000,125,0.8,0.0996495083278284,0.150493202087474
1000,126,0.8,0.100533603343429,0.15159123056839
1000,127,0.8,0.101418253095146,0.152688737390823
1000,128,0.8,0.102303452470747,0.153785727511128
1000,129,0.8,0.103189196524778,0.154882205691678
1000,130,0.8,0.104075480270626,0.155978176705637
1000,131,0.8,0.104962298854303,0.157073645233884
1000,132,0.8,0.105849647605928,0.158168615864532
1000,133,0.8,0.106737521697619,0.159263092990747
1000,134,0.8,0.107625916718476,0.160357081167531
1000,135,0.8,0.108514828002282,0.16145058460128
1000,136,0.8,0.109404251208721,0.162543607557503
1000,137,0.8,0.110294181978884,0.163636154258332
1000,138,0.8,0.111184615987155,0.164728228780549
1000,139,0.8,0.112075549064818,0.165819835157056
1000,140,0.8,0.112966977121208,0.166910977325897
1000,141,0.8,0.113858895992201,0.168001659231198
1000,142,0.8,0.114751301775319,0.169091884620552
1000,143,0.8,0.115644190541756,0.17018165734819
1000,144,0.8,0.116537558393523,0.171270981021052
1000,145,0.8,0.117431401523335,0.17235985930165
1000,146,0.8,0.118325716205239,0.17344829575631
1000,147,0.8,0.119220498785084,0.174536293905509
1000,148,0.8,0.120115745597992,0.175623857223472
1000,149,0.8,0.121011453177463,0.176710989087976
1000,150,0.8,0.121907617879957,0.177797692880403
1000,151,0.8,0.122804236390776,0.178883971835308
1000,152,0.8,0.123701305348528,0.179969829190608
1000,153,0.8,0.124598821257744,0.181055268187061
1000,154,0.8,0.125496780931042,0.182140291918452
1000,155,0.8,0.126395181106542,0.183224903481172
1000,156,0.8,0.12729401866702,0.184309105874508
1000,157,0.8,0.128193290402796,0.185392902099982
1000,158,0.8,0.12909299323378,0.186476295161028
1000,159,0.8,0.129993124126372,0.187559287864415
1000,160,0.8,0.130893680086344,0.18864188321686
1000,161,0.8,0.13179465815183,0.189724083830446
1000,162,0.8,0.132696055466074,0.190805892615653
1000,163,0.8,0.133597869112052,0.19188731218761
1000,164,0.8,0.134500096264688,0.192968345359949
1000,165,0.8,0.135402734186171,0.194048994651424
1000,166,0.8,0.136305780139434,0.195129262680394
1000,167,0.8,0.137209231298851,0.19620915216389
1000,168,0.8,0.138113085237202,0.197288665524664
1000,169,0.8,0.139017339098347,0.198367805186261
1000,170,0.8,0.139921990415152,0.199446573670668
1000,171,0.8,0.140827036609326,0.200524973499675
1000,172,0.8,0.141732475235868,0.2016030069019
1000,173,0.8,0.142638303640271,0.202680676301542
1000,174,0.8,0.143544519545884,0.203757984024958
1000,175,0.8,0.144451120542261,0.204834932300945
1000,176,0.8,0.145358104162264,0.205911523455316
1000,177,0.8,0.146265468048999,0.206987759716117
1000,178,0.8,0.147173210041084,0.208063643213866
1000,179,0.8,0.148081327732675,0.20913917617558
1000,180,0.8,0.148989818815534,0.210214360633889
1000,181,0.8,0.149898681254587,0.211289198814191
1000,182,0.8,0.150807912664413,0.212363692651116
1000,183,0.8,0.151717511014158,0.213437844368009
1000,184,0.8,0.152627474180513,0.21451165580147
1000,185,0.8,0.153537800031477,0.215585129172293
1000,186,0.8,0.15444848642163,0.216658266123078
1000,187,0.8,0.155359531371027,0.21773106887199
1000,188,0.8,0.156270932788436,0.218803539251514
1000,189,0.8,0.157182688835188,0.219875679093185
1000,190,0.8,0.158094797368349,0.22094749032291
1000,191,0.8,0.159007256584685,0.222018974769403
1000,192,0.8,0.159920064366275,0.223090134164614
1000,193,0.8,0.160833219025869,0.22416097042965
1000,194,0.8,0.161746718648162,0.22523148529323
1000,195,0.8,0.162660561367151,0.226301680387593
1000,196,0.8,0.163574745267692,0.227371557628376
1000,197,0.8,0.16448926867049,0.228441118549475
1000,198,0.8,0.165404129649327,0.229510364967698
1000,199,0.8,0.166319326606613,0.230579298413742
1000,200,0.8,0.167234857788315,0.2316479206058
1000,201,0.8,0.168150721375334,0.232716233165406
1000,202,0.8,0.169066915775488,0.233784237617914
1000,203,0.8,0.169983439327804,0.234851935675057
1000,204,0.8,0.170900290197898,0.235919328764016
1000,205,0.8,0.171817467023105,0.236986418498117
1000,206,0.8,0.172734967963102,0.238053206300713
1000,207,0.8,0.17365279154661,0.239119693780647
1000,208,0.8,0.17457093616859,0.240185882450475
1000,209,0.8,0.175489400288776,0.2412517736336
1000,210,0.8,0.176408182327832,0.24231736883832
1000,211,0.8,0.177327280818592,0.24338266957027
1000,212,0.8,0.178246694250581,0.2444476771463
1000,213,0.8,0.179166421118584,0.24551239306713
1000,214,0.8,0.180086459972586,0.246576818644921
1000,215,0.8,0.181006809364057,0.247640955189707
1000,216,0.8,0.18192746784365,0.248704804101829
1000,217,0.8,0.182848434011812,0.249768366686407
1000,218,0.8,0.183769706464437,0.250831644338437
1000,219,0.8,0.18469128384393,0.251894638265521
1000,220,0.8,0.185613164784418,0.252957349857293
1000,221,0.8,0.186535347855345,0.254019780316256
1000,222,0.8,0.187457831828993,0.255081930842572
1000,223,0.8,0.188380615356236,0.256143802817549
1000,224,0.8,0.189303697071189,0.257205397344093
1000,225,0.8,0.190227075753563,0.258266715706084
1000,226,0.8,0.191150750109312,0.25932775909285
1000,227,0.8,0.19207471882247,0.260388528690986
1000,228,0.8,0.192998980719634,0.261449025593097
1000,229,0.8,0.193923534547809,0.262509251071496
1000,230,0.8,0.19484837902691,0.263569206213153
1000,231,0.8,0.195773513072755,0.264628892102461
1000,232,0.8,0.196698935346928,0.265688310002651
1000,233,0.8,0.197624644817697,0.266747460901439
1000,234,0.8,0.198550640194422,0.267806345965231
1000,235,0.8,0.19947692037862,0.268864966266737
1000,236,0.8,0.200403484236315,0.26992332278549
1000,237,0.8,0.201330330595755,0.270981416678783
1000,238,0.8,0.202257458418914,0.272039249010401
1000,239,0.8,0.203184866511663,0.273096820751057
1000,240,0.8,0.204112553811314,0.274154132868753
1000,241,0.8,0.205040519270411,0.275211186597896
1000,242,0.8,0.205968761796675,0.276267982720657
1000,243,0.8,0.206897280309791,0.277324522285718
1000,244,0.8,0.207826073799682,0.278380806338324
1000,245,0.8,0.208755141207156,0.279436835831078
1000,246,0.8,0.209684481481546,0.280492611624329
1000,247,0.8,0.210614093639577,0.281548134842894
1000,248,0.8,0.211543976765396,0.282603406251864
1000,249,0.8,0.2124741297077,0.283658426880407
1000,250,0.8,0.213404551560346,0.284713197665326
1000,251,0.8,0.214335241360672,0.285767719451527
1000,252,0.8,0.215266198148413,0.286821993169478
1000,253,0.8,0.216197420964577,0.287876019746219
1000,254,0.8,0.217128908850188,0.288929800017157
1000,255,0.8,0.218060660907209,0.289983334814628
1000,256,0.8,0.218992676174043,0.291036625055875
1000,257,0.8,0.219924953748121,0.292089671566684
1000,258,0.8,0.220857492723212,0.29314247525744
1000,259,0.8,0.221790292251202,0.294195036947187
1000,260,0.8,0.222723351415757,0.295247357364158
1000,261,0.8,0.223656669293341,0.296299437496057
1000,262,0.8,0.224590245143092,0.297351277977024
1000,263,0.8,0.225524077961857,0.298402879700394
1000,264,0.8,0.226458166991418,0.29945424346847
1000,265,0.8,0.227392511335773,0.300505369993187
1000,266,0.8,0.228327110280667,0.301556260157106
1000,267,0.8,0.229261962842101,0.302606914665325
1000,268,0.8,0.23019706828098,0.303657334306462
1000,269,0.8,0.231132425845486,0.304707519778987
1000,270,0.8,0.232068034638781,0.305757471864595
1000,271,0.8,0.23300389394437,0.306807191341309
1000,272,0.8,0.233940002898438,0.307856678897246
1000,273,0.8,0.234876360817529,0.308905935217243
1000,274,0.8,0.235812966934979,0.309954961154688
1000,275,0.8,0.236749820398583,0.311003757215407
1000,276,0.8,0.237686920536078,0.312052324245559
1000,277,0.8,0.238624266588704,0.313100662915794
1000,278,0.8,0.239561857776296,0.314148773893325
1000,279,0.8,0.240499693431477,0.315196657927204
1000,280,0.8,0.241437772864989,0.316244315506799
1000,281,0.8,0.242376095228315,0.31729174754448
1000,282,0.8,0.243314659920301,0.318338954522611
1000,283,0.8,0.244253466179134,0.319385937090647
1000,284,0.8,0.245192513422963,0.320432695979217
1000,285,0.8,0.246131800768766,0.321479231830152
1000,286,0.8,0.247071327719582,0.322525545281583
1000,287,0.8,0.24801109354445,0.323571636883496
1000,288,0.8,0.24895109762267,0.324617507266906
1000,289,0.8,0.249891339164855,0.325663157059082
1000,290,0.8,0.250831817630996,0.326708586967554
1000,291,0.8,0.251772532310975,0.327753797443684
1000,292,0.8,0.252713482604051,0.328798789271315
1000,293,0.8,0.253654667878022,0.329843562810769
1000,294,0.8,0.254596087539299,0.330888118754405
1000,295,0.8,0.255537740818617,0.331932457790199
1000,296,0.8,0.25647962726919,0.332976580268052
1000,297,0.8,0.257421746268042,0.334020486951812
1000,298,0.8,0.258364097084713,0.33506417826765
1000,299,0.8,0.259306679240712,0.336107654887853
1000,300,0.8,0.260249492077412,0.33715091723138
1000,301,0.8,0.261192535043933,0.338193965962527
1000,302,0.8,0.262135807479058,0.33923680157562
1000,303,0.8,0.263079308975458,0.340279424561354
1000,304,0.8,0.26402303886837,0.34132183557175
1000,305,0.8,0.26496699652609,0.342364034924695
1000,306,0.8,0.265911181571967,0.343406023346617
1000,307,0.8,0.266855593219681,0.344447801230262
1000,308,0.8,0.267800231160072,0.345489369129135
1000,309,0.8,0.268745094671497,0.346530727510611
1000,310,0.8,0.269690183287384,0.347571876920105
1000,311,0.8,0.270635496499065,0.348612817817042
1000,312,0.8,0.271581033829927,0.349653550657085
1000,313,0.8,0.272526794608559,0.350694076054882
1000,314,0.8,0.27347277842047,0.351734394295041
1000,315,0.8,0.274418984731072,0.352774505984056
1000,316,0.8,0.275365413036007,0.353814411561415
1000,317,0.8,0.276312062861208,0.354854111462659
1000,318,0.8,0.277258933685978,0.355893606200331
1000,319,0.8,0.278206025096053,0.35693289620177
1000,320,0.8,0.279153336475509,0.357971981890354
1000,321,0.8,0.280100867390922,0.359010863766054
1000,322,0.8,0.281048617438257,0.360049542243921
1000,323,0.8,0.281996586086749,0.361088017735028
1000,324,0.8,0.282944772833123,0.362126290646403
1000,325,0.8,0.283893177280021,0.363164361541212
1000,326,0.8,0.284841798979828,0.364202230657754
1000,327,0.8,0.285790637433413,0.365239898550595
1000,328,0.8,0.286739692168185,0.366277365609824
1000,329,0.8,0.287688962896959,0.367314632221425
1000,330,0.8,0.288638448962664,0.368351698767273
1000,331,0.8,0.289588150051545,0.369388565704485
1000,332,0.8,0.290538065797216,0.370425233406306
1000,333,0.8,0.291488195618749,0.371461702241818
1000,334,0.8,0.292438539200732,0.372497972655004
1000,335,0.8,0.293389096092686,0.373534045006223
1000,336,0.8,0.294339865949878,0.374569919651656
1000,337,0.8,0.295290848209282,0.375605597021965
1000,338,0.8,0.296242042656834,0.376641077464564
1000,339,0.8,0.297193448696211,0.377676361322591
1000,340,0.8,0.298145066080973,0.378711448934961
1000,341,0.8,0.299096894425855,0.379746340792771
1000,342,0.8,0.300048933204397,0.380781037147574
1000,343,0.8,0.301001182160156,0.381815538403113
1000,344,0.8,0.301953640812592,0.38284984488044
1000,345,0.8,0.30290630886939,0.383883956896339
1000,346,0.8,0.303859185895203,0.384917874840897
1000,347,0.8,0.304812271643864,0.385951599099419
1000,348,0.8,0.305765565557478,0.386985129974956
1000,349,0.8,0.306719067434655,0.388018467766202
1000,350,0.8,0.307672776929064,0.389051612767497
1000,351,0.8,0.30862669354712,0.390084565422939
1000,352,0.8,0.309580816984923,0.391117325940432
1000,353,0.8,0.310535146960498,0.392149894677619
1000,354,0.8,0.311489683128495,0.393182271987272
1000,355,0.8,0.312444425079016,0.394214458140658
1000,356,0.8,0.313399372593737,0.395246453481118
1000,357,0.8,0.314354525218267,0.396278258347075
1000,358,0.8,0.315309882603585,0.397309872919485
1000,359,0.8,0.316265444593617,0.398341297527644
1000,360,0.8,0.317221210707449,0.399372532571913
1000,361,0.8,0.318177180743156,0.40040357821948
1000,362,0.8,0.319133354258296,0.401434434860929
1000,363,0.8,0.320089731090812,0.402465102730044
1000,364,0.8,0.321046310749131,0.403495582131635
1000,365,0.8,0.322003093110397,0.404525873290104
1000,366,0.8,0.322960077808453,0.405555976575982
1000,367,0.8,0.323917264583691,0.406585892128642
1000,368,0.8,0.324874653018446,0.407615620383863
1000,369,0.8,0.325832242978772,0.408645161471457
1000,370,0.8,0.326790034083686,0.409674515666874
1000,371,0.8,0.327748026058709,0.410703683315332
1000,372,0.8,0.328706218647589,0.411732664607217
1000,373,0.8,0.329664611522539,0.412761459802843
1000,374,0.8,0.330623204463007,0.413790069231904
1000,375,0.8,0.331581997176434,0.414818493069946
1000,376,0.8,0.332540989478009,0.415846731487873
1000,377,0.8,0.333500180929047,0.416874784874209
1000,378,0.8,0.334459571379061,0.417902653389558
1000,379,0.8,0.33541916060458,0.418930337263755
1000,380,0.8,0.336378948308052,0.419957836795229
1000,381,0.8,0.33733893420829,0.42098515220319
1000,382,0.8,0.338299118040402,0.422012283628281
1000,383,0.8,0.339259499647968,0.423039231353187
1000,384,0.8,0.340220078707198,0.424065995581739
1000,385,0.8,0.341180855002267,0.425092576585765
1000,386,0.8,0.342141828240925,0.426118974558429
1000,387,0.8,0.343102998332347,0.427145189687768
1000,388,0.8,0.344064364923278,0.428171222229387
1000,389,0.8,0.34502592786189,0.429197072360608
1000,390,0.8,0.345987686918978,0.430222740253569
1000,391,0.8,0.346949641786832,0.431248226147634
1000,392,0.8,0.347911792266367,0.432273530276562
1000,393,0.8,0.348874138173983,0.433298652796151
1000,394,0.8,0.349836679341456,0.434323593929143
1000,395,0.8,0.350799415426208,0.435348353820591
1000,396,0.8,0.351762346384598,0.436372932682205
1000,397,0.8,0.352725471903265,0.437397330791746
1000,398,0.8,0.353688791777985,0.438421548134246
1000,399,0.8,0.35465230581904,0.439445585048053
1000,400,0.8,0.355616013851193,0.440469441722058
1000,401,0.8,0.356579915713697,0.441493118268135
1000,402,0.8,0.357544011163786,0.442516614864054
1000,403,0.8,0.358508299972214,0.443539931681893
1000,404,0.8,0.359472782117312,0.444563068887982
1000,405,0.8,0.36043745720394,0.445586026642861
1000,406,0.8,0.361402325140993,0.446608805172099
1000,407,0.8,0.362367385754193,0.44763140462442
1000,408,0.8,0.363332638882815,0.448653825142788
1000,409,0.8,0.36429808437971,0.449676066794019
1000,410,0.8,0.365263722012859,0.450698129850411
1000,411,0.8,0.366229551562903,0.45172001443725
1000,412,0.8,0.367195573020808,0.452741720674088
1000,413,0.8,0.368161786094789,0.453763248744526
1000,414,0.8,0.369128190703372,0.454784598756181
1000,415,0.8,0.37009478667913,0.455805770880494
1000,416,0.8,0.371061573767373,0.456826765213159
1000,417,0.8,0.372028551975316,0.457847581982849
1000,418,0.8,0.372995721023313,0.458868221203576
1000,419,0.8,0.373963080793723,0.459888683091627
1000,420,0.8,0.374930631181545,0.460908967718332
1000,421,0.8,0.375898371993416,0.461929075287175
1000,422,0.8,0.376866303098308,0.46294900592598
1000,423,0.8,0.377834424428056,0.463968759687544
1000,424,0.8,0.378802735723755,0.464988336687469
1000,425,0.8,0.379771236992092,0.466007737103521
1000,426,0.8,0.380739927997434,0.467026961038338
1000,427,0.8,0.381708808668522,0.468046008519907
1000,428,0.8,0.382677878843636,0.469064879843058
1000,429,0.8,0.383647138423714,0.470083574954611
1000,430,0.8,0.384616587269815,0.471102093999844
1000,431,0.8,0.385586225254295,0.472120437117169
1000,432,0.8,0.386556052312474,0.473138604370517
1000,433,0.8,0.387526068287586,0.474156595885075
1000,434,0.8,0.388496273085655,0.475174411779193
1000,435,0.8,0.389466666571802,0.476192052097056
1000,436,0.8,0.390437248726403,0.47720951694372
1000,437,0.8,0.391408019332088,0.47822680648456
1000,438,0.8,0.392378978338754,0.479243920676605
1000,439,0.8,0.393350125654917,0.480260859738581
1000,440,0.8,0.394321461147186,0.48127762368107
1000,441,0.8,0.395292984745234,0.482294212574993
1000,442,0.8,0.396264696389557,0.483310626550918
1000,443,0.8,0.397236595978311,0.484326865665708
1000,444,0.8,0.398208683366809,0.485342929969334
1000,445,0.8,0.399180958526735,0.486358819571153
1000,446,0.8,0.400153421333768,0.487374534507059
1000,447,0.8,0.401126071726883,0.488390074872109
1000,448,0.8,0.40209890965541,0.489405440753964
1000,449,0.8,0.403071935025175,0.490420632167251
1000,450,0.8,0.40404514775183,0.491435649250964
1000,451,0.8,0.405018547760882,0.492450491939743
1000,452,0.8,0.405992134987634,0.493465160423399
1000,453,0.8,0.406965909377221,0.494479654687635
1000,454,0.8,0.407939870884637,0.495493974776384
1000,455,0.8,0.408914019365736,0.496508120791318
1000,456,0.8,0.409888354849021,0.497522092761317
1000,457,0.8,0.410862877263867,0.498535890707938
1000,458,0.8,0.411837586494244,0.499549514710011
1000,459,0.8,0.412812482542843,0.50056296483855
1000,460,0.8,0.413787565312061,0.501576241027844
1000,461,0.8,0.414762834823549,0.502589343462591
1000,462,0.8,0.415738290998202,0.503602272061832
1000,463,0.8,0.416713933765815,0.504615026865904
1000,464,0.8,0.417689763065039,0.505627607971317
1000,465,0.8,0.418665778954717,0.506640015402314
1000,466,0.8,0.41964198128048,0.507652249175362
1000,467,0.8,0.420618370119371,0.508664309299023
1000,468,0.8,0.421594945334385,0.509676195773971
1000,469,0.8,0.422571706964672,0.510687908656495
1000,470,0.8,0.423548654946387,0.511699447994474
1000,471,0.8,0.42452578928036,0.512710813764334
1000,472,0.8,0.425503109919884,0.513722006060739
1000,473,0.8,0.426480616826689,0.514733024780659
1000,474,0.8,0.427458310027556,0.515743869939358
1000,475,0.8,0.428436189444574,0.516754541669183
1000,476,0.8,0.429414255178504,0.517765039905371
1000,477,0.8,0.43039250705434,0.518775364575276
1000,478,0.8,0.431370945189756,0.519785515847863
1000,479,0.8,0.432349569482759,0.520795493571053
1000,480,0.8,0.433328380010936,0.521805297896042
1000,481,0.8,0.434307376688303,0.522814928654124
1000,482,0.8,0.435286559609141,0.523824385978715
1000,483,0.8,0.436265928703427,0.524833669746312
1000,484,0.8,0.437245483966469,0.525842780072179
1000,485,0.8,0.438225225459459,0.526851716815575
1000,486,0.8,0.439205153135836,0.527860480073638
1000,487,0.8,0.440185267014704,0.528869069749732
1000,488,0.8,0.441165567123066,0.529877485922502
1000,489,0.8,0.442146053437485,0.530885728477486
1000,490,0.8,0.443126726000483,0.531893797413827
1000,491,0.8,0.444107584862516,0.532901692782198
1000,492,0.8,0.445088630023231,0.53390941444122
1000,493,0.8,0.446069861430788,0.534916962483701
1000,494,0.8,0.447051279217363,0.53592433675011
1000,495,0.8,0.448032883346214,0.53693153731406
1000,496,0.8,0.449014673846749,0.537938564118419
1000,497,0.8,0.449996650815246,0.538945417096647
1000,498,0.8,0.450978814177442,0.539952096232982
1000,499,0.8,0.45196116404436,0.540958601441903
1000,500,0.8,0.452943700415552,0.541964932807984
1000,501,0.8,0.453926423357357,0.542971090106576
1000,502,0.8,0.454909332943557,0.543977073462111
1000,503,0.8,0.45589242913528,0.544982882690487
1000,504,0.8,0.456875712020489,0.545988517836125
1000,505,0.8,0.457859181634314,0.546993978814219
1000,506,0.8,0.458842838018882,0.547999265530128
1000,507,0.8,0.459826681283737,0.549004377997452
1000,508,0.8,0.460810711424675,0.550009316160085
1000,509,0.8,0.461794928504668,0.551014079834172
1000,510,0.8,0.462779332654551,0.552018669119706
1000,511,0.8,0.46376392382969,0.553023083870827
1000,512,0.8,0.464748702113602,0.554027323990331
1000,513,0.8,0.46573366765801,0.555031389428982
1000,514,0.8,0.466718820438086,0.55603528018496
1000,515,0.8,0.467704160619322,0.557038996071043
1000,516,0.8,0.46868968812844,0.558042537121939
1000,517,0.8,0.469675403206059,0.559045903187172
1000,518,0.8,0.470661305791744,0.560049094163673
1000,519,0.8,0.47164739607822,0.561052110052819
1000,520,0.8,0.47263367401753,0.562054950729307
1000,521,0.8,0.473620139815845,0.56305761611441
1000,522,0.8,0.474606793499973,0.564060106118164
1000,523,0.8,0.475593635165073,0.56506242063938
1000,524,0.8,0.476580664912803,0.566064559565604
1000,525,0.8,0.477567882851282,0.567066522886944
1000,526,0.8,0.478555289032389,0.568068310354168
1000,527,0.8,0.479542883576821,0.56906992204777
1000,528,0.8,0.48053066654878,0.570071357695798
1000,529,0.8,0.481518638081551,0.571072617354595
1000,530,0.8,0.482506798314882,0.572073700785767
1000,531,0.8,0.483495147331641,0.573074607964983
1000,532,0.8,0.484483685220712,0.574075338743051
1000,533,0.8,0.485472412076988,0.575075892959032
1000,534,0.8,0.486461328064927,0.576076270607888
1000,535,0.8,0.487450433291739,0.577076471559904
1000,536,0.8,0.48843972780667,0.578076495561987
1000,537,0.8,0.489429211856493,0.57907634262728
1000,538,0.8,0.49041888543847,0.580076012589125
1000,539,0.8,0.491408748747513,0.581075505324006
1000,540,0.8,0.492398801920688,0.582074820750832
1000,541,0.8,0.493389045036533,0.583073958610286
1000,542,0.8,0.494379478243675,0.58407291890592
1000,543,0.8,0.495370101696662,0.58507170140801
1000,544,0.8,0.496360915491253,0.586070306038649
1000,545,0.8,0.497351919858506,0.587068732597206
1000,546,0.8,0.498343114840749,0.588066980979303
1000,547,0.8,0.499334500615698,0.589065051066905
1000,548,0.8,0.500326077366969,0.590062942728406
1000,549,0.8,0.501317845153382,0.59106065571033
1000,550,0.8,0.50230980423523,0.592058189962535
1000,551,0.8,0.503301954747996,0.593055545258675
1000,552,0.8,0.504294296766901,0.594052721520518
1000,553,0.8,0.505286830503842,0.595049718494387
1000,554,0.8,0.506279556176672,0.596046536127522
1000,555,0.8,0.507272473810903,0.597043174138514
1000,556,0.8,0.508265583701346,0.598039632446003
1000,557,0.8,0.509258886016616,0.599035910900369
1000,558,0.8,0.510252380797846,0.600032009231378
1000,559,0.8,0.511246068356942,0.601027927366884
1000,560,0.8,0.512239948812134,0.60202366506082
1000,561,0.8,0.513234022353447,0.603019222158398
1000,562,0.8,0.514228289109398,0.604014598489852
1000,563,0.8,0.515222749347554,0.605009793922799
1000,564,0.8,0.516217403207062,0.606004808152344
1000,565,0.8,0.517212250899304,0.606999641068416
1000,566,0.8,0.518207292641069,0.607994292492882
1000,567,0.8,0.519202528519615,0.608988762180079
1000,568,0.8,0.520197958829451,0.60998304997311
1000,569,0.8,0.521193583803261,0.610977155647323
1000,570,0.8,0.522189403543469,0.611971079014232
1000,571,0.8,0.523185418292876,0.612964819920898
1000,572,0.8,0.524181628299669,0.613958378095104
1000,573,0.8,0.52517803374922,0.614951753351778
1000,574,0.8,0.526174634763601,0.615944945438153
1000,575,0.8,0.527171431742919,0.616937954238742
1000,576,0.8,0.528168424750991,0.617930779416856
1000,577,0.8,0.529165614061513,0.618923420874503
1000,578,0.8,0.530162999953593,0.619915878292917
1000,579,0.8,0.531160582573917,0.62090815153983
1000,580,0.8,0.532158362142634,0.621900240313612
1000,581,0.8,0.533156338953876,0.622892144396948
1000,582,0.8,0.534154513237884,0.623883863555161
1000,583,0.8,0.53515288522982,0.6248753975863
1000,584,0.8,0.536151455169709,0.625866746270581
1000,585,0.8,0.537150223232897,0.62685790932045
1000,586,0.8,0.53814918973851,0.627848886480751
1000,587,0.8,0.539148354941139,0.628839677577877
1000,588,0.8,0.540147719030431,0.629830282270668
1000,589,0.8,0.541147282340397,0.63082070029954
1000,590,0.8,0.542147045070134,0.631810931485161
1000,591,0.8,0.543147007563572,0.632800975629018
1000,592,0.8,0.5441471699589,0.633790832316909
1000,593,0.8,0.545147532609635,0.634780501411118
1000,594,0.8,0.546148095804008,0.635769982558289
1000,595,0.8,0.547148859764339,0.636759275581711
1000,596,0.8,0.548149824717315,0.637748380089983
1000,597,0.8,0.549150991106829,0.6387372959644
1000,598,0.8,0.550152359027194,0.639726022774776
1000,599,0.8,0.551153928931999,0.640714560265742
1000,600,0.8,0.552155700995407,0.641702908257977
1000,601,0.8,0.553157675538289,0.642691066358884
1000,602,0.8,0.554159852886264,0.643679034348302
1000,603,0.8,0.55516223329811,0.644666811889313
1000,604,0.8,0.55616481703692,0.645654398720167
1000,605,0.8,0.557167604513832,0.646641794557985
1000,606,0.8,0.558170596001246,0.647628999003835
1000,607,0.8,0.559173791775837,0.648616011827933
1000,608,0.8,0.560177192190809,0.649602832778399
1000,609,0.8,0.561180797531765,0.650589461392898
1000,610,0.8,0.562184608161059,0.651575897470758
1000,611,0.8,0.563188624300584,0.652562140694614
1000,612,0.8,0.564192846394161,0.653548190631466
1000,613,0.8,0.565197274745137,0.654534047107009
1000,614,0.8,0.566201909661146,0.655519709736897
1000,615,0.8,0.567206751527093,0.656505178114711
1000,616,0.8,0.568211800586245,0.657490451997113
1000,617,0.8,0.569217057305491,0.658475531024426
1000,618,0.8,0.570222521936694,0.65946041490609
1000,619,0.8,0.571228194882469,0.660445103143866
1000,620,0.8,0.572234076476496,0.661429595583927
1000,621,0.8,0.57324016705664,0.662413891772463
1000,622,0.8,0.574246467038853,0.663397991323769
1000,623,0.8,0.575252976843679,0.664381893919151
1000,624,0.8,0.576259696674105,0.665365599215008
1000,625,0.8,0.577266627033151,0.666349106842818
1000,626,0.8,0.578273768205974,0.667332416409216
1000,627,0.8,0.579281120704719,0.668315527495908
1000,628,0.8,0.580288684822968,0.669298439839232
1000,629,0.8,0.581296460932656,0.670281152969715
1000,630,0.8,0.582304449409862,0.671263666571547
1000,631,0.8,0.583312650784527,0.672245980213126
1000,632,0.8,0.584321065366656,0.673228093525824
1000,633,0.8,0.585329693469919,0.674210006114224
1000,634,0.8,0.586338535712504,0.675191717556184
1000,635,0.8,0.587347592341375,0.676173227490879
1000,636,0.8,0.588356863757606,0.677154535441883
1000,637,0.8,0.589366350517456,0.678135641081319
1000,638,0.8,0.590376052955106,0.679116543877848
1000,639,0.8,0.591385971484171,0.680097243534858
1000,640,0.8,0.592396106598195,0.681077739552317
1000,641,0.8,0.593406458719223,0.682058031575853
1000,642,0.8,0.59441702827332,0.683038119135064
1000,643,0.8,0.595427815690562,0.684018001817144
1000,644,0.8,0.596438821405037,0.684997679179705
1000,645,0.8,0.597450045931366,0.685977150750751
1000,646,0.8,0.59846148971197,0.686956416028743
1000,647,0.8,0.599473153116539,0.687935474653132
1000,648,0.8,0.600485036748817,0.688914326231907
1000,649,0.8,0.601497140986543,0.689892970171956
1000,650,0.8,0.602509466365102,0.690871406019769
1000,651,0.8,0.603522013269897,0.691849633374737
1000,652,0.8,0.604534782321724,0.692827651719727
1000,653,0.8,0.605547773913958,0.693805460590039
1000,654,0.8,0.606560988520969,0.694783059572221
1000,655,0.8,0.607574426776315,0.695760448052663
1000,656,0.8,0.608588089007289,0.696737625635864
1000,657,0.8,0.609601975777813,0.697714591726114
1000,658,0.8,0.610616087734113,0.69869134594348
1000,659,0.8,0.611630425214765,0.699667887790312
1000,660,0.8,0.612644988795903,0.700644216652484
1000,661,0.8,0.613659779058002,0.701620332046516
1000,662,0.8,0.61467479650733,0.702596233453739
1000,663,0.8,0.615690041653969,0.70357192032027
1000,664,0.8,0.616705515011807,0.704547392219612
1000,665,0.8,0.617721217256092,0.705522648607142
1000,666,0.8,0.618737148751119,0.706497688821218
1000,667,0.8,0.619753310259183,0.707472512406799
1000,668,0.8,0.620769702151946,0.708447118790461
1000,669,0.8,0.621786325200186,0.709421507441838
1000,670,0.8,0.622803179782932,0.710395677792491
1000,671,0.8,0.623820266520442,0.711369629315651
1000,672,0.8,0.624837586116747,0.712343361366151
1000,673,0.8,0.625855139041291,0.71331687341918
1000,674,0.8,0.626872925926412,0.714290164831061
1000,675,0.8,0.627890947408549,0.715263235076603
1000,676,0.8,0.628909204048167,0.716236083589761
1000,677,0.8,0.629927696489551,0.717208709685394
1000,678,0.8,0.630946425300702,0.718181112794524
1000,679,0.8,0.631965391133682,0.719153292384122
1000,680,0.8,0.632984594644558,0.720125247723377
1000,681,0.8,0.634004036412784,0.721096978272548
1000,682,0.8,0.635023717102089,0.722068483371189
1000,683,0.8,0.636043637380236,0.723039762392924
1000,684,0.8,0.637063797918924,0.724010814744367
1000,685,0.8,0.638084199312695,0.724981639711151
1000,686,0.8,0.63910484224083,0.725952236611352
1000,687,0.8,0.640125727467821,0.7269226049462
1000,688,0.8,0.641146855518196,0.727892743942469
1000,689,0.8,0.642168227245705,0.728862652857785
1000,690,0.8,0.643189843182203,0.72983233120497
1000,691,0.8,0.644211704107782,0.730801778147787
1000,692,0.8,0.645233810724999,0.731770993103282
1000,693,0.8,0.646256163740164,0.732739975290278
1000,694,0.8,0.647278763863435,0.733708724102894
1000,695,0.8,0.648301611890977,0.734677238737001
1000,696,0.8,0.64932470845842,0.735645518561463
1000,697,0.8,0.65034805428718,0.736613562746854
1000,698,0.8,0.651371650184997,0.737581370707698
1000,699,0.8,0.652395496881022,0.738548941586255
1000,700,0.8,0.653419595190956,0.739516274693035
1000,701,0.8,0.654443945768709,0.740483369212897
1000,702,0.8,0.655468549520548,0.741450224568071
1000,703,0.8,0.656493407107739,0.742416839764228
1000,704,0.8,0.657518519361291,0.743383214259146
1000,705,0.8,0.658543887199643,0.744349347094522
1000,706,0.8,0.659569511211591,0.745315237544731
1000,707,0.8,0.660595392323147,0.746280884827279
1000,708,0.8,0.661621531380926,0.747246288102901
1000,709,0.8,0.662647929235523,0.748211446687659
1000,710,0.8,0.663674586573489,0.749176359556005
1000,711,0.8,0.66470150433664,0.750141026048024
1000,712,0.8,0.665728683471089,0.751105445302276
1000,713,0.8,0.666756124674335,0.752069616467398
1000,714,0.8,0.66778382890004,0.753033538631491
1000,715,0.8,0.66881179693705,0.753997211029965
1000,716,0.8,0.669840029831512,0.75496063276577
1000,717,0.8,0.670868528379892,0.75592380287936
1000,718,0.8,0.671897293466794,0.756886720623157
1000,719,0.8,0.672926325980527,0.757849385046598
1000,720,0.8,0.673955626983328,0.758811795202891
1000,721,0.8,0.674985197286228,0.759773950283658
1000,722,0.8,0.67601503787415,0.760735849277055
1000,723,0.8,0.67704514965055,0.761697491307305
1000,724,0.8,0.678075533608045,0.762658875429544
1000,725,0.8,0.679106190743202,0.763620000629868
1000,726,0.8,0.680137122056569,0.764580866092156
1000,727,0.8,0.681168328380722,0.765541470728013
1000,728,0.8,0.682199810895388,0.766501813577805
1000,729,0.8,0.683231570440422,0.767461893741065
1000,730,0.8,0.684263608203705,0.768421710111052
1000,731,0.8,0.685295925032234,0.769381261770363
1000,732,0.8,0.686328522121873,0.770340547659695
1000,733,0.8,0.687361400499894,0.771299566774198
1000,734,0.8,0.688394561110511,0.772258318031485
1000,735,0.8,0.689428005161668,0.77321680046543
1000,736,0.8,0.690461733604966,0.774175012965143
1000,737,0.8,0.69149574765636,0.775132954404442
1000,738,0.8,0.692530048361863,0.776090623832324
1000,739,0.8,0.693564636858338,0.777048020086304
1000,740,0.8,0.694599514199092,0.778005142048519
1000,741,0.8,0.695634681528463,0.778961988643259
1000,742,0.8,0.69667014016988,0.779918558708839
1000,743,0.8,0.697705891012704,0.780874851122899
1000,744,0.8,0.698741935475956,0.781830864800138
1000,745,0.8,0.699778274631773,0.782786598503191
1000,746,0.8,0.700814909643638,0.783742051029822
1000,747,0.8,0.701851841766897,0.784697221272336
1000,748,0.8,0.702889072172597,0.785652108029453
1000,749,0.8,0.70392660221225,0.786606710006313
1000,750,0.8,0.704964433064682,0.787561026119705
1000,751,0.8,0.706002566000815,0.788515055005705
1000,752,0.8,0.70704100229547,0.789468795447212
1000,753,0.8,0.708079743227283,0.790422246188226
1000,754,0.8,0.709118790078686,0.791375405932645
1000,755,0.8,0.710158144224942,0.792328273462867
1000,756,0.8,0.711197806956221,0.793280847397655
1000,757,0.8,0.712237779655684,0.794233126490345
1000,758,0.8,0.713278063621011,0.795185109328313
1000,759,0.8,0.714318660332662,0.796136794569805
1000,760,0.8,0.715359571006258,0.797088180881802
1000,761,0.8,0.716400797219733,0.798039266879114
1000,762,0.8,0.717442340285901,0.798990051181461
1000,763,0.8,0.718484201701009,0.799940532353092
1000,764,0.8,0.719526382965442,0.800890709017138
1000,765,0.8,0.720568885403097,0.80184057967951
1000,766,0.8,0.721611710521822,0.802790142900705
1000,767,0.8,0.722654859923901,0.803739397235282
1000,768,0.8,0.723698335125416,0.804688341172606
1000,769,0.8,0.724742137555523,0.805636973135726
1000,770,0.8,0.725786268828407,0.806585291761835
1000,771,0.8,0.726830730471462,0.807533295334226
1000,772,0.8,0.727875524197906,0.808480982401445
1000,773,0.8,0.728920651451836,0.809428351379677
1000,774,0.8,0.729966113954357,0.810375400663507
1000,775,0.8,0.731011913339469,0.811322128568427
1000,776,0.8,0.73205805115348,0.81226853360414
1000,777,0.8,0.733104529220945,0.813214613975477
1000,778,0.8,0.734151349279223,0.814160368130268
1000,779,0.8,0.735198512885944,0.815105794263264
1000,780,0.8,0.736246021785801,0.816050890804167
1000,781,0.8,0.737293877911619,0.816995655872085
1000,782,0.8,0.738342082924231,0.817940087813975
1000,783,0.8,0.739390638580098,0.818884184823571
1000,784,0.8,0.740439546824199,0.819827945153493
1000,785,0.8,0.741488809420874,0.820771366899319
1000,786,0.8,0.742538428230563,0.821714448314899
1000,787,0.8,0.743588405210369,0.822657187439066
1000,788,0.8,0.744638742135716,0.823599582513394
1000,789,0.8,0.745689441157359,0.824541631559229
1000,790,0.8,0.74674050405836,0.825483332688455
1000,791,0.8,0.747791932811279,0.826424683892136
1000,792,0.8,0.74884372957924,0.827365683243779
1000,793,0.8,0.749895896155989,0.828306328689918
1000,794,0.8,0.750948434899574,0.829246618251477
1000,795,0.8,0.752001347611049,0.83018654991702
1000,796,0.8,0.753054636563053,0.831126121488715
1000,797,0.8,0.754108303844988,0.832065331031669
1000,798,0.8,0.755162351549824,0.833004176266968
1000,799,0.8,0.756216781962363,0.833942655069769
1000,800,0.8,0.757271597277396,0.834880765264115
1000,801,0.8,0.758326799693385,0.835818504668382
1000,802,0.8,0.759382391601409,0.836755870992995
1000,803,0.8,0.760438375112984,0.837692862032127
1000,804,0.8,0.761494752626718,0.838629475463457
1000,805,0.8,0.762551526640143,0.839565708941877
1000,806,0.8,0.763608699370315,0.84050156009471
1000,807,0.8,0.764666273322369,0.841437026517026
1000,808,0.8,0.765724250910419,0.842372105861429
1000,809,0.8,0.766782634742691,0.843306795548503
1000,810,0.8,0.767841427145414,0.844241093235222
1000,811,0.8,0.768900630829693,0.845174996243827
1000,812,0.8,0.769960248224139,0.846108502120547
1000,813,0.8,0.77102028214329,0.847041608346989
1000,814,0.8,0.772080735118586,0.847974312059996
1000,815,0.8,0.773141609876489,0.848906610875807
1000,816,0.8,0.774202909147184,0.849838501871858
1000,817,0.8,0.775264635760649,0.850769982407148
1000,818,0.8,0.776326792358049,0.851701049658519
1000,819,0.8,0.777389381872632,0.852631700886523
1000,820,0.8,0.778452407241572,0.853561933159083
1000,821,0.8,0.77951587140577,0.854491743614484
1000,822,0.8,0.780579777212861,0.855421129363866
1000,823,0.8,0.781644127707129,0.856350087309078
1000,824,0.8,0.782708926033471,0.857278614575412
1000,825,0.8,0.783774175146335,0.858206707977974
1000,826,0.8,0.784839878294527,0.859134364452143
1000,827,0.8,0.785906038633358,0.860061580784744
1000,828,0.8,0.786972659321216,0.860988353864748
1000,829,0.8,0.788039743714569,0.861914680417339
1000,830,0.8,0.789107295075736,0.862840557167498
1000,831,0.8,0.790175316865487,0.86376598074679
1000,832,0.8,0.791243812450178,0.864690947686159
1000,833,0.8,0.792312785296957,0.865615454574305
1000,834,0.8,0.793382238974114,0.866539497963433
1000,835,0.8,0.794452177053016,0.867463074277985
1000,836,0.8,0.795522603107935,0.86838617988868
1000,837,0.8,0.796593520814139,0.869308811103065
1000,838,0.8,0.797664934046847,0.870230964316621
1000,839,0.8,0.798736846585832,0.871152635599027
1000,840,0.8,0.7998092622134,0.872073821088794
1000,841,0.8,0.800882184813004,0.872994517057876
1000,842,0.8,0.801955618468549,0.873914719424183
1000,843,0.8,0.803029567266779,0.874834424217097
1000,844,0.8,0.804104035197703,0.875753627328169
1000,845,0.8,0.805179026551204,0.876672324501604
1000,846,0.8,0.806254545520354,0.87759051163084
1000,847,0.8,0.807330596399664,0.878508184359098
1000,848,0.8,0.808407183585322,0.879425338374505
1000,849,0.8,0.809484311575253,0.880341969092958
1000,850,0.8,0.810561984769428,0.881258072173324
1000,851,0.8,0.811640208019225,0.882173642974446
1000,852,0.8,0.812718985777929,0.883088676768933
1000,853,0.8,0.813798322900433,0.884003168802037
1000,854,0.8,0.814878224193152,0.884917114347595
1000,855,0.8,0.815958694614339,0.885830508327565
1000,856,0.8,0.817039739173689,0.886743345950885
1000,857,0.8,0.818121362932244,0.887655621900309
1000,858,0.8,0.819203571102868,0.888567331179951
1000,859,0.8,0.820286368949669,0.889478468380605
1000,860,0.8,0.821369761888713,0.890389028231513
1000,861,0.8,0.822453755285948,0.891299005226973
1000,862,0.8,0.823538354810877,0.892208393818717
1000,863,0.8,0.824623566031902,0.893117188325834
1000,864,0.8,0.825709394719791,0.894025382983494
1000,865,0.8,0.82679584684808,0.894932971921369
1000,866,0.8,0.827882928237327,0.895839949141973
1000,867,0.8,0.828970645113967,0.896746308565534
1000,868,0.8,0.830059003601734,0.897652043939972
1000,869,0.8,0.831148010077862,0.898557148950277
1000,870,0.8,0.832237670917994,0.899461617192163
1000,871,0.8,0.83332799270018,0.900365442016303
1000,872,0.8,0.834418982102578,0.901268616699109
1000,873,0.8,0.835510646005856,0.902171134477397
1000,874,0.8,0.836602991287907,0.903072988264545
1000,875,0.8,0.837696025028608,0.903974171067501
1000,876,0.8,0.838789754509901,0.904874675512891
1000,877,0.8,0.839884187112979,0.905774494195583
1000,878,0.8,0.840979330266151,0.906673619642625
1000,879,0.8,0.842075191702204,0.90757204403398
1000,880,0.8,0.843171779252275,0.908469759537678
1000,881,0.8,0.844269100948676,0.909366758149249
1000,882,0.8,0.845367164817693,0.910263031596164
1000,883,0.8,0.846465979344931,0.911158571421743
1000,884,0.8,0.847565552905639,0.912053369179964
1000,885,0.8,0.848665894282377,0.912947416039894
1000,886,0.8,0.849767012301744,0.913840703038859
1000,887,0.8,0.850868916041547,0.914733221093434
1000,888,0.8,0.851971614726367,0.915624960781816
1000,889,0.8,0.853075117935634,0.916515912582473
1000,890,0.8,0.854179435238229,0.917406066654517
1000,891,0.8,0.855284576556888,0.918295413011712
1000,892,0.8,0.856390552011314,0.919183941466842
1000,893,0.8,0.857497372022324,0.920071641467896
1000,894,0.8,0.858605047101678,0.920958502315037
1000,895,0.8,0.859713588165869,0.921844513044481
1000,896,0.8,0.860823006220694,0.922729662420579
1000,897,0.8,0.861933312675566,0.923613938872695
1000,898,0.8,0.863044519185339,0.924497330638724
1000,899,0.8,0.864156637649366,0.925379825641154
1000,900,0.8,0.865269680263249,0.92626141146733
1000,901,0.8,0.866383659570766,0.927142075397009
1000,902,0.8,0.867498588357315,0.928021804473746
1000,903,0.8,0.868614479754482,0.928900585222933
1000,904,0.8,0.869731347238956,0.929778403966411
1000,905,0.8,0.870849204684583,0.930655246727613
1000,906,0.8,0.871968066255033,0.931531098897836
1000,907,0.8,0.873087946455305,0.932405945815567
1000,908,0.8,0.8742088602899,0.933279772087951
1000,909,0.8,0.87533082310199,0.934152562151612
1000,910,0.8,0.876453850678157,0.935024299875855
1000,911,0.8,0.877577959140001,0.935894968818261
1000,912,0.8,0.878703165155732,0.936764551918355
1000,913,0.8,0.879829485831591,0.937633031558074
1000,914,0.8,0.880956938816861,0.938500389961761
1000,915,0.8,0.882085542140965,0.939366608431982
1000,916,0.8,0.883215314478971,0.94023166800025
1000,917,0.8,0.884346274988373,0.941095548921228
1000,918,0.8,0.885478443413746,0.941958230945655
1000,919,0.8,0.886611840083895,0.942819693315143
1000,920,0.8,0.887746485962593,0.943679914417046
1000,921,0.8,0.888882402591477,0.944538872180228
1000,922,0.8,0.890019612356257,0.945396543468931
1000,923,0.8,0.891158138213366,0.946252904850547
1000,924,0.8,0.8922980037935,0.947107931808426
1000,925,0.8,0.893439233667981,0.947961599152904
1000,926,0.8,0.894581853127906,0.948813880775816
1000,927,0.8,0.895725888233036,0.949664749705638
1000,928,0.8,0.896871366077858,0.950514178064762
1000,929,0.8,0.898018314568914,0.951362137008913
1000,930,0.8,0.899166762635896,0.952208596576389
1000,931,0.8,0.900316740116151,0.953053525810635
1000,932,0.8,0.901468278183686,0.953896892565816
1000,933,0.8,0.902621408796223,0.954738663647329
1000,934,0.8,0.903776165286876,0.95557880443179
1000,935,0.8,0.904932582301313,0.956417279093639
1000,936,0.8,0.906090695569052,0.95725405031312
1000,937,0.8,0.907250542330744,0.95808907943042
1000,938,0.8,0.908412161382275,0.958922326094705
1000,939,0.8,0.90957559278798,0.959753748409089
1000,940,0.8,0.910740878526293,0.960583302765797
1000,941,0.8,0.911908062090921,0.961410943645255
1000,942,0.8,0.91307718886,0.962236623682025
1000,943,0.8,0.914248306134393,0.963060293307123
1000,944,0.8,0.915421463284577,0.963881900946513
1000,945,0.8,0.916596711785601,0.964701392495348
1000,946,0.8,0.917774105471224,0.965518711617931
1000,947,0.8,0.918953700565044,0.966333799098179
1000,948,0.8,0.920135555930825,0.967146593095444
1000,949,0.8,0.921319733265318,0.967957028736883
1000,950,0.8,0.922506297177427,0.96876503780095
1000,951,0.8,0.923695315430598,0.969570548833929
1000,952,0.8,0.924886859237771,0.970373486562796
1000,953,0.8,0.926081003385782,0.971173771876017
1000,954,0.8,0.927277826689571,0.971971321451683
1000,955,0.8,0.928477411995871,0.972766047155572
1000,956,0.8,0.929679846850728,0.973557856207331
1000,957,0.8,0.930885223491271,0.974346650467745
1000,958,0.8,0.932093639612755,0.975132325886285
1000,959,0.8,0.933305198400819,0.975914772543067
1000,960,0.8,0.934520009394319,0.976693873355549
1000,961,0.8,0.935738188665798,0.97746950413251
1000,962,0.8,0.936959859775327,0.978241532757856
1000,963,0.8,0.938185154037169,0.979009818145168
1000,964,0.8,0.939414211500814,0.979774209804973
1000,965,0.8,0.940647181858525,0.980534546867676
1000,966,0.8,0.941884225049618,0.981290656646861
1000,967,0.8,0.94312551262886,0.982042354036194
1000,968,0.8,0.944371228880969,0.98278943966404
1000,969,0.8,0.94562157195649,0.983531698749484
1000,970,0.8,0.94687675575874,0.984268899067665
1000,971,0.8,0.948137011443326,0.985000789119961
1000,972,0.8,0.949402589652475,0.985727095780094
1000,973,0.8,0.95067376273684,0.986447521653572
1000,974,0.8,0.951950827630887,0.987161741766811
1000,975,0.8,0.953234108909979,0.987869400199818
1000,976,0.8,0.954523962745435,0.98857010575041
1000,977,0.8,0.955820781217156,0.989263426705366
1000,978,0.8,0.9571249975723,0.989948884940565
1000,979,0.8,0.958437092782009,0.990625948665941
1000,980,0.8,0.959757603104944,0.991294023826977
1000,981,0.8,0.961087129429606,0.991952443426003
1000,982,0.8,0.962426348683083,0.992600454222188
1000,983,0.8,0.96377602824008,0.993237201381442
1000,984,0.8,0.965137043635118,0.993861707642983
1000,985,0.8,0.966510401284501,0.994472848107667
1000,986,0.8,0.96789726779855,0.995069318032321
1000,987,0.8,0.969299008129023,0.995649590193737
1000,988,0.8,0.970717236153982,0.996211859945913
1000,989,0.8,0.972153883796848,0.996753971410118
1000,990,0.8,0.973611296245975,0.997273317133087
1000,991,0.8,0.97509236803611,0.997766700767442
1000,992,0.8,0.976600742453101,0.998230143382346
1000,993,0.8,0.978141115598184,0.998658609877747
1000,994,0.8,0.979719720766455,0.999045617531095
1000,995,0.8,0.981345144761165,0.999382692664217
1000,996,0.8,0.983029807074819,0.999658709045981
1000,997,0.8,0.984792910969364,0.99985958950992
1000,998,0.8,0.986667202339715,0.9999712987903
1000,999,0.8,0.988718160336281,0.999999600080261
1000,1000,0.8,0.99112573302178,1
